code,pick_id,bracket_json,ranking_json,score_json,created_at
7IQLV,278ca83b-6ebc-4c56-b23a-a4d2b8362cf3,"[[{""a"":{""entry"":""Jimmy"",""win"":null},""b"":{""entry"":""Zach"",""win"":null},""pick"":""a""},{""a"":{""entry"":null,""win"":null},""b"":{""entry"":""Dan"",""win"":null},""pick"":""b""},{""a"":{""entry"":null,""win"":null},""b"":{""entry"":""Scott"",""win"":null},""pick"":""b""},{""a"":{""entry"":""Andrew"",""win"":null},""b"":{""entry"":null,""win"":null},""pick"":""a""},{""a"":{""entry"":""Jake Larsen"",""win"":null},""b"":{""entry"":""Matt"",""win"":null},""pick"":""b""},{""a"":{""entry"":""Will Hardy"",""win"":null},""b"":{""entry"":""Austin"",""win"":null},""pick"":""b""},{""a"":{""entry"":""Chris"",""win"":null},""b"":{""entry"":null,""win"":null},""pick"":""a""},{""a"":{""entry"":null,""win"":null},""b"":{""entry"":""Josh Kurksy"",""win"":null},""pick"":""b""},{""a"":{""entry"":""Ellis Weiner"",""win"":null},""b"":{""entry"":null,""win"":null},""pick"":""a""},{""a"":{""entry"":""Holland"",""win"":null},""b"":{""entry"":null,""win"":null},""pick"":""a""},{""a"":{""entry"":""Will Gooner"",""win"":null},""b"":{""entry"":null,""win"":null},""pick"":""a""},{""a"":{""entry"":""Citizen Toxie (Sean)"",""win"":null},""b"":{""entry"":""Denver"",""win"":null},""pick"":""a""},{""a"":{""entry"":""Lorrin"",""win"":null},""b"":{""entry"":""Hank"",""win"":null},""pick"":""a""},{""a"":{""entry"":""Zack"",""win"":null},""b"":{""entry"":""Allen"",""win"":null},""pick"":""a""},{""a"":{""entry"":""Austin Brown"",""win"":null},""b"":{""entry"":""Vic"",""win"":null},""pick"":""a""},{""a"":{""entry"":""Nick"",""win"":null},""b"":{""entry"":""Saghian"",""win"":null},""pick"":""b""}],[{""a"":{""entry"":""Jimmy"",""pick"":null},""b"":{""entry"":""Dan"",""pick"":null},""pick"":""b""},{""a"":{""entry"":""Scott"",""pick"":null},""b"":{""entry"":""Andrew"",""pick"":null},""pick"":""b""},{""a"":{""entry"":""Matt"",""pick"":null},""b"":{""entry"":""Austin"",""pick"":null},""pick"":""b""},{""a"":{""entry"":""Chris"",""pick"":null},""b"":{""entry"":""Josh Kurksy"",""pick"":null},""pick"":""b""},{""a"":{""entry"":""Ellis Weiner"",""pick"":null},""b"":{""entry"":""Holland"",""pick"":null},""pick"":""b""},{""a"":{""entry"":""Will Gooner"",""pick"":null},""b"":{""entry"":""Citizen Toxie (Sean)"",""pick"":null},""pick"":""b""},{""a"":{""entry"":""Lorrin"",""pick"":null},""b"":{""entry"":""Zack"",""pick"":null},""pick"":""b""},{""a"":{""entry"":""Austin Brown"",""pick"":null},""b"":{""entry"":""Saghian"",""pick"":null},""pick"":""b""}],[{""a"":{""entry"":""Dan"",""pick"":null},""b"":{""entry"":""Andrew"",""pick"":null},""pick"":""a""},{""a"":{""entry"":""Austin"",""pick"":null},""b"":{""entry"":""Josh Kurksy"",""pick"":null},""pick"":""a""},{""a"":{""entry"":""Holland"",""pick"":null},""b"":{""entry"":""Citizen Toxie (Sean)"",""pick"":null},""pick"":""b""},{""a"":{""entry"":""Zack"",""pick"":null},""b"":{""entry"":""Saghian"",""pick"":null},""pick"":""b""}],[{""a"":{""entry"":""Dan"",""pick"":null},""b"":{""entry"":""Austin"",""pick"":null},""pick"":""a""},{""a"":{""entry"":""Citizen Toxie (Sean)"",""pick"":null},""b"":{""entry"":""Saghian"",""pick"":null},""pick"":""a""}],[{""a"":{""entry"":""Dan"",""pick"":null},""b"":{""entry"":""Citizen Toxie (Sean)"",""pick"":null},""pick"":""a""}],[{""a"":{""entry"":""Dan"",""pick"":null},""pick"":null}]]","[""Dan"",""Citizen Toxie (Sean)"",""Austin"",""Saghian"",""Andrew"",""Josh Kurksy"",""Holland"",""Zack"",""Jimmy"",""Scott"",""Matt"",""Chris"",""Ellis Weiner"",""Will Gooner"",""Lorrin"",""Austin Brown"",""Zach"",""Jake Larsen"",""Will Hardy"",""Denver"",""Hank"",""Allen"",""Vic"",""Nick""]","{""Jimmy"":2,""Zach"":1,""Dan"":32,""Scott"":2,""Andrew"":4,""Jake Larsen"":1,""Matt"":2,""Will Hardy"":1,""Austin"":8,""Chris"":2,""Josh Kurksy"":4,""Ellis Weiner"":2,""Holland"":4,""Will Gooner"":2,""Citizen Toxie (Sean)"":16,""Denver"":1,""Lorrin"":2,""Hank"":1,""Zack"":4,""Allen"":1,""Austin Brown"":2,""Vic"":1,""Nick"":1,""Saghian"":8}",11/12/2025 9:09:37
7IQLV,31599eab-7fe3-4fa9-8697-24cb00133fcf,"[[{""a"":{""entry"":""Jimmy"",""win"":null},""b"":{""entry"":""Zach"",""win"":null},""pick"":""a""},{""a"":{""entry"":null,""win"":null},""b"":{""entry"":""Dan"",""win"":null},""pick"":""b""},{""a"":{""entry"":null,""win"":null},""b"":{""entry"":""Scott"",""win"":null},""pick"":""b""},{""a"":{""entry"":""Andrew"",""win"":null},""b"":{""entry"":null,""win"":null},""pick"":""a""},{""a"":{""entry"":""Jake Larsen"",""win"":null},""b"":{""entry"":""Matt"",""win"":null},""pick"":""b""},{""a"":{""entry"":""Will Hardy"",""win"":null},""b"":{""entry"":""Austin"",""win"":null},""pick"":""b""},{""a"":{""entry"":""Chris"",""win"":null},""b"":{""entry"":null,""win"":null},""pick"":""a""},{""a"":{""entry"":null,""win"":null},""b"":{""entry"":""Josh Kurksy"",""win"":null},""pick"":""b""},{""a"":{""entry"":""Ellis Weiner"",""win"":null},""b"":{""entry"":null,""win"":null},""pick"":""a""},{""a"":{""entry"":""Holland"",""win"":null},""b"":{""entry"":null,""win"":null},""pick"":""a""},{""a"":{""entry"":""Will Gooner"",""win"":null},""b"":{""entry"":null,""win"":null},""pick"":""a""},{""a"":{""entry"":""Citizen Toxie (Sean)"",""win"":null},""b"":{""entry"":""Denver"",""win"":null},""pick"":""a""},{""a"":{""entry"":""Lorrin"",""win"":null},""b"":{""entry"":""Hank"",""win"":null},""pick"":""a""},{""a"":{""entry"":""Zack"",""win"":null},""b"":{""entry"":""Allen"",""win"":null},""pick"":""b""},{""a"":{""entry"":""Austin Brown"",""win"":null},""b"":{""entry"":""Vic"",""win"":null},""pick"":""a""},{""a"":{""entry"":""Nick"",""win"":null},""b"":{""entry"":""Saghian"",""win"":null},""pick"":""b""}],[{""a"":{""entry"":""Jimmy"",""pick"":null},""b"":{""entry"":""Dan"",""pick"":null},""pick"":""a""},{""a"":{""entry"":""Scott"",""pick"":null},""b"":{""entry"":""Andrew"",""pick"":null},""pick"":""b""},{""a"":{""entry"":""Matt"",""pick"":null},""b"":{""entry"":""Austin"",""pick"":null},""pick"":""b""},{""a"":{""entry"":""Chris"",""pick"":null},""b"":{""entry"":""Josh Kurksy"",""pick"":null},""pick"":""a""},{""a"":{""entry"":""Ellis Weiner"",""pick"":null},""b"":{""entry"":""Holland"",""pick"":null},""pick"":""a""},{""a"":{""entry"":""Will Gooner"",""pick"":null},""b"":{""entry"":""Citizen Toxie (Sean)"",""pick"":null},""pick"":""b""},{""a"":{""entry"":""Lorrin"",""pick"":null},""b"":{""entry"":""Allen"",""pick"":null},""pick"":""b""},{""a"":{""entry"":""Austin Brown"",""pick"":null},""b"":{""entry"":""Saghian"",""pick"":null},""pick"":""b""}],[{""a"":{""entry"":""Jimmy"",""pick"":null},""b"":{""entry"":""Andrew"",""pick"":null},""pick"":""a""},{""a"":{""entry"":""Austin"",""pick"":null},""b"":{""entry"":""Chris"",""pick"":null},""pick"":""a""},{""a"":{""entry"":""Ellis Weiner"",""pick"":null},""b"":{""entry"":""Citizen Toxie (Sean)"",""pick"":null},""pick"":""b""},{""a"":{""entry"":""Allen"",""pick"":null},""b"":{""entry"":""Saghian"",""pick"":null},""pick"":""a""}],[{""a"":{""entry"":""Jimmy"",""pick"":null},""b"":{""entry"":""Austin"",""pick"":null},""pick"":""a""},{""a"":{""entry"":""Citizen Toxie (Sean)"",""pick"":null},""b"":{""entry"":""Allen"",""pick"":null},""pick"":""a""}],[{""a"":{""entry"":""Jimmy"",""pick"":null},""b"":{""entry"":""Citizen Toxie (Sean)"",""pick"":null},""pick"":""a""}],[{""a"":{""entry"":""Jimmy"",""pick"":null},""pick"":null}]]","[""Jimmy"",""Citizen Toxie (Sean)"",""Austin"",""Allen"",""Andrew"",""Chris"",""Ellis Weiner"",""Saghian"",""Dan"",""Scott"",""Matt"",""Josh Kurksy"",""Holland"",""Will Gooner"",""Lorrin"",""Austin Brown"",""Zach"",""Jake Larsen"",""Will Hardy"",""Denver"",""Hank"",""Zack"",""Vic"",""Nick""]","{""Jimmy"":32,""Zach"":1,""Dan"":2,""Scott"":2,""Andrew"":4,""Jake Larsen"":1,""Matt"":2,""Will Hardy"":1,""Austin"":8,""Chris"":4,""Josh Kurksy"":2,""Ellis Weiner"":4,""Holland"":2,""Will Gooner"":2,""Citizen Toxie (Sean)"":16,""Denver"":1,""Lorrin"":2,""Hank"":1,""Zack"":1,""Allen"":8,""Austin Brown"":2,""Vic"":1,""Nick"":1,""Saghian"":4}",11/12/2025 9:15:46
7IQLV,b9e64139-2217-49d1-81b7-df7ea749e5e6,"[[{""a"":{""entry"":""Jimmy"",""win"":null},""b"":{""entry"":""Zach"",""win"":null},""pick"":""a""},{""a"":{""entry"":null,""win"":null},""b"":{""entry"":""Dan"",""win"":null},""pick"":""b""},{""a"":{""entry"":null,""win"":null},""b"":{""entry"":""Scott"",""win"":null},""pick"":""b""},{""a"":{""entry"":""Andrew"",""win"":null},""b"":{""entry"":null,""win"":null},""pick"":""a""},{""a"":{""entry"":""Jake Larsen"",""win"":null},""b"":{""entry"":""Matt"",""win"":null},""pick"":""b""},{""a"":{""entry"":""Will Hardy"",""win"":null},""b"":{""entry"":""Austin"",""win"":null},""pick"":""b""},{""a"":{""entry"":""Chris"",""win"":null},""b"":{""entry"":null,""win"":null},""pick"":""a""},{""a"":{""entry"":null,""win"":null},""b"":{""entry"":""Josh Kurksy"",""win"":null},""pick"":""b""},{""a"":{""entry"":""Ellis Weiner"",""win"":null},""b"":{""entry"":null,""win"":null},""pick"":""a""},{""a"":{""entry"":""Holland"",""win"":null},""b"":{""entry"":null,""win"":null},""pick"":""a""},{""a"":{""entry"":""Will Gooner"",""win"":null},""b"":{""entry"":null,""win"":null},""pick"":""a""},{""a"":{""entry"":""Citizen Toxie (Sean)"",""win"":null},""b"":{""entry"":""Denver"",""win"":null},""pick"":""b""},{""a"":{""entry"":""Lorrin"",""win"":null},""b"":{""entry"":""Hank"",""win"":null},""pick"":""a""},{""a"":{""entry"":""Zack"",""win"":null},""b"":{""entry"":""Allen"",""win"":null},""pick"":""b""},{""a"":{""entry"":""Austin Brown"",""win"":null},""b"":{""entry"":""Vic"",""win"":null},""pick"":""a""},{""a"":{""entry"":""Nick"",""win"":null},""b"":{""entry"":""Saghian"",""win"":null},""pick"":""b""}],[{""a"":{""entry"":""Jimmy"",""pick"":null},""b"":{""entry"":""Dan"",""pick"":null},""pick"":""b""},{""a"":{""entry"":""Scott"",""pick"":null},""b"":{""entry"":""Andrew"",""pick"":null},""pick"":""b""},{""a"":{""entry"":""Matt"",""pick"":null},""b"":{""entry"":""Austin"",""pick"":null},""pick"":""b""},{""a"":{""entry"":""Chris"",""pick"":null},""b"":{""entry"":""Josh Kurksy"",""pick"":null},""pick"":""b""},{""a"":{""entry"":""Ellis Weiner"",""pick"":null},""b"":{""entry"":""Holland"",""pick"":null},""pick"":""b""},{""a"":{""entry"":""Will Gooner"",""pick"":null},""b"":{""entry"":""Denver"",""pick"":null},""pick"":""b""},{""a"":{""entry"":""Lorrin"",""pick"":null},""b"":{""entry"":""Allen"",""pick"":null},""pick"":""b""},{""a"":{""entry"":""Austin Brown"",""pick"":null},""b"":{""entry"":""Saghian"",""pick"":null},""pick"":""b""}],[{""a"":{""entry"":""Dan"",""pick"":null},""b"":{""entry"":""Andrew"",""pick"":null},""pick"":""a""},{""a"":{""entry"":""Austin"",""pick"":null},""b"":{""entry"":""Josh Kurksy"",""pick"":null},""pick"":""a""},{""a"":{""entry"":""Holland"",""pick"":null},""b"":{""entry"":""Denver"",""pick"":null},""pick"":""b""},{""a"":{""entry"":""Allen"",""pick"":null},""b"":{""entry"":""Saghian"",""pick"":null},""pick"":""a""}],[{""a"":{""entry"":""Dan"",""pick"":null},""b"":{""entry"":""Austin"",""pick"":null},""pick"":""b""},{""a"":{""entry"":""Denver"",""pick"":null},""b"":{""entry"":""Allen"",""pick"":null},""pick"":""a""}],[{""a"":{""entry"":""Austin"",""pick"":null},""b"":{""entry"":""Denver"",""pick"":null},""pick"":""b""}],[{""a"":{""entry"":""Denver"",""pick"":null},""pick"":null}]]","[""Denver"",""Austin"",""Dan"",""Allen"",""Andrew"",""Josh Kurksy"",""Holland"",""Saghian"",""Jimmy"",""Scott"",""Matt"",""Chris"",""Ellis Weiner"",""Will Gooner"",""Lorrin"",""Austin Brown"",""Zach"",""Jake Larsen"",""Will Hardy"",""Citizen Toxie (Sean)"",""Hank"",""Zack"",""Vic"",""Nick""]","{""Jimmy"":2,""Zach"":1,""Dan"":8,""Scott"":2,""Andrew"":4,""Jake Larsen"":1,""Matt"":2,""Will Hardy"":1,""Austin"":16,""Chris"":2,""Josh Kurksy"":4,""Ellis Weiner"":2,""Holland"":4,""Will Gooner"":2,""Citizen Toxie (Sean)"":1,""Denver"":32,""Lorrin"":2,""Hank"":1,""Zack"":1,""Allen"":8,""Austin Brown"":2,""Vic"":1,""Nick"":1,""Saghian"":4}",11/12/2025 9:27:50
7IQLV,d9423851-f880-4b50-8cd2-0c970e94e1fe,"[[{""a"":{""entry"":""Jimmy"",""win"":null},""b"":{""entry"":""Zach"",""win"":null},""pick"":""a""},{""a"":{""entry"":null,""win"":null},""b"":{""entry"":""Dan"",""win"":null},""pick"":""b""},{""a"":{""entry"":null,""win"":null},""b"":{""entry"":""Scott"",""win"":null},""pick"":""b""},{""a"":{""entry"":""Andrew"",""win"":null},""b"":{""entry"":null,""win"":null},""pick"":""a""},{""a"":{""entry"":""Jake Larsen"",""win"":null},""b"":{""entry"":""Matt"",""win"":null},""pick"":""b""},{""a"":{""entry"":""Will Hardy"",""win"":null},""b"":{""entry"":""Austin"",""win"":null},""pick"":""b""},{""a"":{""entry"":""Chris"",""win"":null},""b"":{""entry"":null,""win"":null},""pick"":""a""},{""a"":{""entry"":null,""win"":null},""b"":{""entry"":""Josh Kurksy"",""win"":null},""pick"":""b""},{""a"":{""entry"":""Ellis Weiner"",""win"":null},""b"":{""entry"":null,""win"":null},""pick"":""a""},{""a"":{""entry"":""Holland"",""win"":null},""b"":{""entry"":null,""win"":null},""pick"":""a""},{""a"":{""entry"":""Will Gooner"",""win"":null},""b"":{""entry"":null,""win"":null},""pick"":""a""},{""a"":{""entry"":""Citizen Toxie (Sean)"",""win"":null},""b"":{""entry"":""Denver"",""win"":null},""pick"":""a""},{""a"":{""entry"":""Lorrin"",""win"":null},""b"":{""entry"":""Hank"",""win"":null},""pick"":""a""},{""a"":{""entry"":""Zack"",""win"":null},""b"":{""entry"":""Allen"",""win"":null},""pick"":""a""},{""a"":{""entry"":""Austin Brown"",""win"":null},""b"":{""entry"":""Vic"",""win"":null},""pick"":""a""},{""a"":{""entry"":""Nick"",""win"":null},""b"":{""entry"":""Saghian"",""win"":null},""pick"":""a""}],[{""a"":{""entry"":""Jimmy"",""pick"":null},""b"":{""entry"":""Dan"",""pick"":null},""pick"":""a""},{""a"":{""entry"":""Scott"",""pick"":null},""b"":{""entry"":""Andrew"",""pick"":null},""pick"":""b""},{""a"":{""entry"":""Matt"",""pick"":null},""b"":{""entry"":""Austin"",""pick"":null},""pick"":""b""},{""a"":{""entry"":""Chris"",""pick"":null},""b"":{""entry"":""Josh Kurksy"",""pick"":null},""pick"":""a""},{""a"":{""entry"":""Ellis Weiner"",""pick"":null},""b"":{""entry"":""Holland"",""pick"":null},""pick"":""b""},{""a"":{""entry"":""Will Gooner"",""pick"":null},""b"":{""entry"":""Citizen Toxie (Sean)"",""pick"":null},""pick"":""b""},{""a"":{""entry"":""Lorrin"",""pick"":null},""b"":{""entry"":""Zack"",""pick"":null},""pick"":""a""},{""a"":{""entry"":""Austin Brown"",""pick"":null},""b"":{""entry"":""Nick"",""pick"":null},""pick"":""a""}],[{""a"":{""entry"":""Jimmy"",""pick"":null},""b"":{""entry"":""Andrew"",""pick"":null},""pick"":""b""},{""a"":{""entry"":""Austin"",""pick"":null},""b"":{""entry"":""Chris"",""pick"":null},""pick"":""a""},{""a"":{""entry"":""Holland"",""pick"":null},""b"":{""entry"":""Citizen Toxie (Sean)"",""pick"":null},""pick"":""b""},{""a"":{""entry"":""Lorrin"",""pick"":null},""b"":{""entry"":""Austin Brown"",""pick"":null},""pick"":""a""}],[{""a"":{""entry"":""Andrew"",""pick"":null},""b"":{""entry"":""Austin"",""pick"":null},""pick"":""a""},{""a"":{""entry"":""Citizen Toxie (Sean)"",""pick"":null},""b"":{""entry"":""Lorrin"",""pick"":null},""pick"":""a""}],[{""a"":{""entry"":""Andrew"",""pick"":null},""b"":{""entry"":""Citizen Toxie (Sean)"",""pick"":null},""pick"":""a""}],[{""a"":{""entry"":""Andrew"",""pick"":null},""pick"":null}]]","[""Andrew"",""Citizen Toxie (Sean)"",""Austin"",""Lorrin"",""Jimmy"",""Chris"",""Holland"",""Austin Brown"",""Dan"",""Scott"",""Matt"",""Josh Kurksy"",""Ellis Weiner"",""Will Gooner"",""Zack"",""Nick"",""Zach"",""Jake Larsen"",""Will Hardy"",""Denver"",""Hank"",""Allen"",""Vic"",""Saghian""]","{""Jimmy"":4,""Zach"":1,""Dan"":2,""Scott"":2,""Andrew"":32,""Jake Larsen"":1,""Matt"":2,""Will Hardy"":1,""Austin"":8,""Chris"":4,""Josh Kurksy"":2,""Ellis Weiner"":2,""Holland"":4,""Will Gooner"":2,""Citizen Toxie (Sean)"":16,""Denver"":1,""Lorrin"":8,""Hank"":1,""Zack"":2,""Allen"":1,""Austin Brown"":4,""Vic"":1,""Nick"":2,""Saghian"":1}",11/12/2025 9:36:28
7IQLV,b7cb43a3-8ec3-4b8e-9553-e4d501d80489,"[[{""a"":{""entry"":""Jimmy"",""win"":null},""b"":{""entry"":""Zach"",""win"":null},""pick"":""a""},{""a"":{""entry"":null,""win"":null},""b"":{""entry"":""Dan"",""win"":null},""pick"":""b""},{""a"":{""entry"":null,""win"":null},""b"":{""entry"":""Scott"",""win"":null},""pick"":""b""},{""a"":{""entry"":""Andrew"",""win"":null},""b"":{""entry"":null,""win"":null},""pick"":""a""},{""a"":{""entry"":""Jake Larsen"",""win"":null},""b"":{""entry"":""Matt"",""win"":null},""pick"":""b""},{""a"":{""entry"":""Will Hardy"",""win"":null},""b"":{""entry"":""Austin"",""win"":null},""pick"":""b""},{""a"":{""entry"":""Chris"",""win"":null},""b"":{""entry"":null,""win"":null},""pick"":""a""},{""a"":{""entry"":null,""win"":null},""b"":{""entry"":""Josh Kurksy"",""win"":null},""pick"":""b""},{""a"":{""entry"":""Ellis Weiner"",""win"":null},""b"":{""entry"":null,""win"":null},""pick"":""a""},{""a"":{""entry"":""Holland"",""win"":null},""b"":{""entry"":null,""win"":null},""pick"":""a""},{""a"":{""entry"":""Will Gooner"",""win"":null},""b"":{""entry"":null,""win"":null},""pick"":""a""},{""a"":{""entry"":""Citizen Toxie (Sean)"",""win"":null},""b"":{""entry"":""Denver"",""win"":null},""pick"":""b""},{""a"":{""entry"":""Lorrin"",""win"":null},""b"":{""entry"":""Hank"",""win"":null},""pick"":""a""},{""a"":{""entry"":""Zack"",""win"":null},""b"":{""entry"":""Allen"",""win"":null},""pick"":""b""},{""a"":{""entry"":""Austin Brown"",""win"":null},""b"":{""entry"":""Vic"",""win"":null},""pick"":""a""},{""a"":{""entry"":""Nick"",""win"":null},""b"":{""entry"":""Saghian"",""win"":null},""pick"":""a""}],[{""a"":{""entry"":""Jimmy"",""pick"":null},""b"":{""entry"":""Dan"",""pick"":null},""pick"":""b""},{""a"":{""entry"":""Scott"",""pick"":null},""b"":{""entry"":""Andrew"",""pick"":null},""pick"":""b""},{""a"":{""entry"":""Matt"",""pick"":null},""b"":{""entry"":""Austin"",""pick"":null},""pick"":""b""},{""a"":{""entry"":""Chris"",""pick"":null},""b"":{""entry"":""Josh Kurksy"",""pick"":null},""pick"":""a""},{""a"":{""entry"":""Ellis Weiner"",""pick"":null},""b"":{""entry"":""Holland"",""pick"":null},""pick"":""b""},{""a"":{""entry"":""Will Gooner"",""pick"":null},""b"":{""entry"":""Denver"",""pick"":null},""pick"":""b""},{""a"":{""entry"":""Lorrin"",""pick"":null},""b"":{""entry"":""Allen"",""pick"":null},""pick"":""a""},{""a"":{""entry"":""Austin Brown"",""pick"":null},""b"":{""entry"":""Nick"",""pick"":null},""pick"":""a""}],[{""a"":{""entry"":""Dan"",""pick"":null},""b"":{""entry"":""Andrew"",""pick"":null},""pick"":""a""},{""a"":{""entry"":""Austin"",""pick"":null},""b"":{""entry"":""Chris"",""pick"":null},""pick"":""a""},{""a"":{""entry"":""Holland"",""pick"":null},""b"":{""entry"":""Denver"",""pick"":null},""pick"":""b""},{""a"":{""entry"":""Lorrin"",""pick"":null},""b"":{""entry"":""Austin Brown"",""pick"":null},""pick"":""a""}],[{""a"":{""entry"":""Dan"",""pick"":null},""b"":{""entry"":""Austin"",""pick"":null},""pick"":""a""},{""a"":{""entry"":""Denver"",""pick"":null},""b"":{""entry"":""Lorrin"",""pick"":null},""pick"":""a""}],[{""a"":{""entry"":""Dan"",""pick"":null},""b"":{""entry"":""Denver"",""pick"":null},""pick"":""a""}],[{""a"":{""entry"":""Dan"",""pick"":null},""pick"":null}]]","[""Dan"",""Denver"",""Austin"",""Lorrin"",""Andrew"",""Chris"",""Holland"",""Austin Brown"",""Jimmy"",""Scott"",""Matt"",""Josh Kurksy"",""Ellis Weiner"",""Will Gooner"",""Allen"",""Nick"",""Zach"",""Jake Larsen"",""Will Hardy"",""Citizen Toxie (Sean)"",""Hank"",""Zack"",""Vic"",""Saghian""]","{""Jimmy"":2,""Zach"":1,""Dan"":32,""Scott"":2,""Andrew"":4,""Jake Larsen"":1,""Matt"":2,""Will Hardy"":1,""Austin"":8,""Chris"":4,""Josh Kurksy"":2,""Ellis Weiner"":2,""Holland"":4,""Will Gooner"":2,""Citizen Toxie (Sean)"":1,""Denver"":16,""Lorrin"":8,""Hank"":1,""Zack"":1,""Allen"":2,""Austin Brown"":4,""Vic"":1,""Nick"":2,""Saghian"":1}",11/12/2025 9:51:37
7IQLV,24938c07-bae9-4abd-bc3b-a5da8c4ecabb,"[[{""a"":{""entry"":""Jimmy"",""win"":null},""b"":{""entry"":""Zach"",""win"":null},""pick"":""a""},{""a"":{""entry"":null,""win"":null},""b"":{""entry"":""Dan"",""win"":null},""pick"":""b""},{""a"":{""entry"":null,""win"":null},""b"":{""entry"":""Scott"",""win"":null},""pick"":""b""},{""a"":{""entry"":""Andrew"",""win"":null},""b"":{""entry"":null,""win"":null},""pick"":""a""},{""a"":{""entry"":""Jake Larsen"",""win"":null},""b"":{""entry"":""Matt"",""win"":null},""pick"":""b""},{""a"":{""entry"":""Will Hardy"",""win"":null},""b"":{""entry"":""Austin"",""win"":null},""pick"":""b""},{""a"":{""entry"":""Chris"",""win"":null},""b"":{""entry"":null,""win"":null},""pick"":""a""},{""a"":{""entry"":null,""win"":null},""b"":{""entry"":""Josh Kurksy"",""win"":null},""pick"":""b""},{""a"":{""entry"":""Ellis Weiner"",""win"":null},""b"":{""entry"":null,""win"":null},""pick"":""a""},{""a"":{""entry"":""Holland"",""win"":null},""b"":{""entry"":null,""win"":null},""pick"":""a""},{""a"":{""entry"":""Will Gooner"",""win"":null},""b"":{""entry"":null,""win"":null},""pick"":""a""},{""a"":{""entry"":""Citizen Toxie (Sean)"",""win"":null},""b"":{""entry"":""Denver"",""win"":null},""pick"":""b""},{""a"":{""entry"":""Lorrin"",""win"":null},""b"":{""entry"":""Hank"",""win"":null},""pick"":""b""},{""a"":{""entry"":""Zack"",""win"":null},""b"":{""entry"":""Allen"",""win"":null},""pick"":""b""},{""a"":{""entry"":""Austin Brown"",""win"":null},""b"":{""entry"":""Vic"",""win"":null},""pick"":""a""},{""a"":{""entry"":""Nick"",""win"":null},""b"":{""entry"":""Saghian"",""win"":null},""pick"":""b""}],[{""a"":{""entry"":""Jimmy"",""pick"":null},""b"":{""entry"":""Dan"",""pick"":null},""pick"":""b""},{""a"":{""entry"":""Scott"",""pick"":null},""b"":{""entry"":""Andrew"",""pick"":null},""pick"":""b""},{""a"":{""entry"":""Matt"",""pick"":null},""b"":{""entry"":""Austin"",""pick"":null},""pick"":""b""},{""a"":{""entry"":""Chris"",""pick"":null},""b"":{""entry"":""Josh Kurksy"",""pick"":null},""pick"":""b""},{""a"":{""entry"":""Ellis Weiner"",""pick"":null},""b"":{""entry"":""Holland"",""pick"":null},""pick"":""b""},{""a"":{""entry"":""Will Gooner"",""pick"":null},""b"":{""entry"":""Denver"",""pick"":null},""pick"":""b""},{""a"":{""entry"":""Hank"",""pick"":null},""b"":{""entry"":""Allen"",""pick"":null},""pick"":""a""},{""a"":{""entry"":""Austin Brown"",""pick"":null},""b"":{""entry"":""Saghian"",""pick"":null},""pick"":""b""}],[{""a"":{""entry"":""Dan"",""pick"":null},""b"":{""entry"":""Andrew"",""pick"":null},""pick"":""a""},{""a"":{""entry"":""Austin"",""pick"":null},""b"":{""entry"":""Josh Kurksy"",""pick"":null},""pick"":""a""},{""a"":{""entry"":""Holland"",""pick"":null},""b"":{""entry"":""Denver"",""pick"":null},""pick"":""b""},{""a"":{""entry"":""Hank"",""pick"":null},""b"":{""entry"":""Saghian"",""pick"":null},""pick"":""a""}],[{""a"":{""entry"":""Dan"",""pick"":null},""b"":{""entry"":""Austin"",""pick"":null},""pick"":""a""},{""a"":{""entry"":""Denver"",""pick"":null},""b"":{""entry"":""Hank"",""pick"":null},""pick"":""a""}],[{""a"":{""entry"":""Dan"",""pick"":null},""b"":{""entry"":""Denver"",""pick"":null},""pick"":""b""}],[{""a"":{""entry"":""Denver"",""pick"":null},""pick"":null}]]","[""Denver"",""Dan"",""Austin"",""Hank"",""Andrew"",""Josh Kurksy"",""Holland"",""Saghian"",""Jimmy"",""Scott"",""Matt"",""Chris"",""Ellis Weiner"",""Will Gooner"",""Allen"",""Austin Brown"",""Zach"",""Jake Larsen"",""Will Hardy"",""Citizen Toxie (Sean)"",""Lorrin"",""Zack"",""Vic"",""Nick""]","{""Jimmy"":2,""Zach"":1,""Dan"":16,""Scott"":2,""Andrew"":4,""Jake Larsen"":1,""Matt"":2,""Will Hardy"":1,""Austin"":8,""Chris"":2,""Josh Kurksy"":4,""Ellis Weiner"":2,""Holland"":4,""Will Gooner"":2,""Citizen Toxie (Sean)"":1,""Denver"":32,""Lorrin"":1,""Hank"":8,""Zack"":1,""Allen"":2,""Austin Brown"":2,""Vic"":1,""Nick"":1,""Saghian"":4}",11/12/2025 10:10:59
7IQLV,ef6604e4-650a-4049-aa34-a92b6cf8dcd7,"[[{""a"":{""entry"":""Jimmy"",""win"":null},""b"":{""entry"":""Zach"",""win"":null},""pick"":""a""},{""a"":{""entry"":null,""win"":null},""b"":{""entry"":""Dan"",""win"":null},""pick"":""b""},{""a"":{""entry"":null,""win"":null},""b"":{""entry"":""Scott"",""win"":null},""pick"":""b""},{""a"":{""entry"":""Andrew"",""win"":null},""b"":{""entry"":null,""win"":null},""pick"":""a""},{""a"":{""entry"":""Jake Larsen"",""win"":null},""b"":{""entry"":""Matt"",""win"":null},""pick"":""b""},{""a"":{""entry"":""Will Hardy"",""win"":null},""b"":{""entry"":""Austin"",""win"":null},""pick"":""b""},{""a"":{""entry"":""Chris"",""win"":null},""b"":{""entry"":null,""win"":null},""pick"":""a""},{""a"":{""entry"":null,""win"":null},""b"":{""entry"":""Josh Kurksy"",""win"":null},""pick"":""b""},{""a"":{""entry"":""Ellis Weiner"",""win"":null},""b"":{""entry"":null,""win"":null},""pick"":""a""},{""a"":{""entry"":""Holland"",""win"":null},""b"":{""entry"":null,""win"":null},""pick"":""a""},{""a"":{""entry"":""Will Gooner"",""win"":null},""b"":{""entry"":null,""win"":null},""pick"":""a""},{""a"":{""entry"":""Citizen Toxie (Sean)"",""win"":null},""b"":{""entry"":""Denver"",""win"":null},""pick"":""a""},{""a"":{""entry"":""Lorrin"",""win"":null},""b"":{""entry"":""Hank"",""win"":null},""pick"":""a""},{""a"":{""entry"":""Zack"",""win"":null},""b"":{""entry"":""Allen"",""win"":null},""pick"":""b""},{""a"":{""entry"":""Austin Brown"",""win"":null},""b"":{""entry"":""Vic"",""win"":null},""pick"":""a""},{""a"":{""entry"":""Nick"",""win"":null},""b"":{""entry"":""Saghian"",""win"":null},""pick"":""a""}],[{""a"":{""entry"":""Jimmy"",""pick"":null},""b"":{""entry"":""Dan"",""pick"":null},""pick"":""a""},{""a"":{""entry"":""Scott"",""pick"":null},""b"":{""entry"":""Andrew"",""pick"":null},""pick"":""b""},{""a"":{""entry"":""Matt"",""pick"":null},""b"":{""entry"":""Austin"",""pick"":null},""pick"":""b""},{""a"":{""entry"":""Chris"",""pick"":null},""b"":{""entry"":""Josh Kurksy"",""pick"":null},""pick"":""b""},{""a"":{""entry"":""Ellis Weiner"",""pick"":null},""b"":{""entry"":""Holland"",""pick"":null},""pick"":""b""},{""a"":{""entry"":""Will Gooner"",""pick"":null},""b"":{""entry"":""Citizen Toxie (Sean)"",""pick"":null},""pick"":""b""},{""a"":{""entry"":""Lorrin"",""pick"":null},""b"":{""entry"":""Allen"",""pick"":null},""pick"":""b""},{""a"":{""entry"":""Austin Brown"",""pick"":null},""b"":{""entry"":""Nick"",""pick"":null},""pick"":""b""}],[{""a"":{""entry"":""Jimmy"",""pick"":null},""b"":{""entry"":""Andrew"",""pick"":null},""pick"":""a""},{""a"":{""entry"":""Austin"",""pick"":null},""b"":{""entry"":""Josh Kurksy"",""pick"":null},""pick"":""a""},{""a"":{""entry"":""Holland"",""pick"":null},""b"":{""entry"":""Citizen Toxie (Sean)"",""pick"":null},""pick"":""b""},{""a"":{""entry"":""Allen"",""pick"":null},""b"":{""entry"":""Nick"",""pick"":null},""pick"":""a""}],[{""a"":{""entry"":""Jimmy"",""pick"":null},""b"":{""entry"":""Austin"",""pick"":null},""pick"":""a""},{""a"":{""entry"":""Citizen Toxie (Sean)"",""pick"":null},""b"":{""entry"":""Allen"",""pick"":null},""pick"":""a""}],[{""a"":{""entry"":""Jimmy"",""pick"":null},""b"":{""entry"":""Citizen Toxie (Sean)"",""pick"":null},""pick"":""a""}],[{""a"":{""entry"":""Jimmy"",""pick"":null},""pick"":null}]]","[""Jimmy"",""Citizen Toxie (Sean)"",""Austin"",""Allen"",""Andrew"",""Josh Kurksy"",""Holland"",""Nick"",""Dan"",""Scott"",""Matt"",""Chris"",""Ellis Weiner"",""Will Gooner"",""Lorrin"",""Austin Brown"",""Zach"",""Jake Larsen"",""Will Hardy"",""Denver"",""Hank"",""Zack"",""Vic"",""Saghian""]","{""Jimmy"":32,""Zach"":1,""Dan"":2,""Scott"":2,""Andrew"":4,""Jake Larsen"":1,""Matt"":2,""Will Hardy"":1,""Austin"":8,""Chris"":2,""Josh Kurksy"":4,""Ellis Weiner"":2,""Holland"":4,""Will Gooner"":2,""Citizen Toxie (Sean)"":16,""Denver"":1,""Lorrin"":2,""Hank"":1,""Zack"":1,""Allen"":8,""Austin Brown"":2,""Vic"":1,""Nick"":4,""Saghian"":1}",11/12/2025 11:08:14
HPDKU,153af79f-df6f-426d-bf52-388c7a177201,"[[{""a"":{""entry"":null,""win"":null},""b"":{""entry"":""Denver"",""win"":null},""pick"":""b""},{""a"":{""entry"":""Dan"",""win"":null},""b"":{""entry"":null,""win"":null},""pick"":""a""},{""a"":{""entry"":""Josh"",""win"":null},""b"":{""entry"":""Hank"",""win"":null},""pick"":""b""},{""a"":{""entry"":null,""win"":null},""b"":{""entry"":""Ellis Weiner"",""win"":null},""pick"":""b""},{""a"":{""entry"":""Matt"",""win"":null},""b"":{""entry"":""Lorrin"",""win"":null},""pick"":""a""},{""a"":{""entry"":""Sean (Citizen Toxxie)"",""win"":null},""b"":{""entry"":""Zach Smith"",""win"":null},""pick"":""b""},{""a"":{""entry"":null,""win"":null},""b"":{""entry"":""Chris"",""win"":null},""pick"":""b""},{""a"":{""entry"":null,""win"":null},""b"":{""entry"":""Andrew"",""win"":null},""pick"":""b""},{""a"":{""entry"":""Scott"",""win"":null},""b"":{""entry"":""Holland"",""win"":null},""pick"":""b""},{""a"":{""entry"":""Austin"",""win"":null},""b"":{""entry"":""Allen"",""win"":null},""pick"":""a""},{""a"":{""entry"":""Nick"",""win"":null},""b"":{""entry"":""Vic"",""win"":null},""pick"":""a""},{""a"":{""entry"":null,""win"":null},""b"":{""entry"":""Jimmy"",""win"":null},""pick"":""b""},{""a"":{""entry"":""Andrew Saghian"",""win"":null},""b"":{""entry"":""Austin Brown"",""win"":null},""pick"":""a""},{""a"":{""entry"":""Zack"",""win"":null},""b"":{""entry"":null,""win"":null},""pick"":""a""},{""a"":{""entry"":null,""win"":null},""b"":{""entry"":""Jake Larsen"",""win"":null},""pick"":""b""},{""a"":{""entry"":""Will Gooner"",""win"":null},""b"":{""entry"":""Will"",""win"":null},""pick"":""b""}],[{""a"":{""entry"":""Denver"",""pick"":null},""b"":{""entry"":""Dan"",""pick"":null},""pick"":""b""},{""a"":{""entry"":""Hank"",""pick"":null},""b"":{""entry"":""Ellis Weiner"",""pick"":null},""pick"":""b""},{""a"":{""entry"":""Matt"",""pick"":null},""b"":{""entry"":""Zach Smith"",""pick"":null},""pick"":""a""},{""a"":{""entry"":""Chris"",""pick"":null},""b"":{""entry"":""Andrew"",""pick"":null},""pick"":""b""},{""a"":{""entry"":""Holland"",""pick"":null},""b"":{""entry"":""Austin"",""pick"":null},""pick"":""b""},{""a"":{""entry"":""Nick"",""pick"":null},""b"":{""entry"":""Jimmy"",""pick"":null},""pick"":""a""},{""a"":{""entry"":""Andrew Saghian"",""pick"":null},""b"":{""entry"":""Zack"",""pick"":null},""pick"":""a""},{""a"":{""entry"":""Jake Larsen"",""pick"":null},""b"":{""entry"":""Will"",""pick"":null},""pick"":""b""}],[{""a"":{""entry"":""Dan"",""pick"":null},""b"":{""entry"":""Ellis Weiner"",""pick"":null},""pick"":""b""},{""a"":{""entry"":""Matt"",""pick"":null},""b"":{""entry"":""Andrew"",""pick"":null},""pick"":""b""},{""a"":{""entry"":""Austin"",""pick"":null},""b"":{""entry"":""Nick"",""pick"":null},""pick"":""a""},{""a"":{""entry"":""Andrew Saghian"",""pick"":null},""b"":{""entry"":""Will"",""pick"":null},""pick"":""a""}],[{""a"":{""entry"":""Ellis Weiner"",""pick"":null},""b"":{""entry"":""Andrew"",""pick"":null},""pick"":""a""},{""a"":{""entry"":""Austin"",""pick"":null},""b"":{""entry"":""Andrew Saghian"",""pick"":null},""pick"":""a""}],[{""a"":{""entry"":""Ellis Weiner"",""pick"":null},""b"":{""entry"":""Austin"",""pick"":null},""pick"":""b""}],[{""a"":{""entry"":""Austin"",""pick"":null},""pick"":null}]]","[""Austin"",""Ellis Weiner"",""Andrew"",""Andrew Saghian"",""Dan"",""Matt"",""Nick"",""Will"",""Denver"",""Hank"",""Zach Smith"",""Chris"",""Holland"",""Jimmy"",""Zack"",""Jake Larsen"",""Josh"",""Lorrin"",""Sean (Citizen Toxxie)"",""Scott"",""Allen"",""Vic"",""Austin Brown"",""Will Gooner""]","{""Denver"":2,""Dan"":4,""Josh"":1,""Hank"":2,""Ellis Weiner"":16,""Matt"":4,""Lorrin"":1,""Sean (Citizen Toxxie)"":1,""Zach Smith"":2,""Chris"":2,""Andrew"":8,""Scott"":1,""Holland"":2,""Austin"":32,""Allen"":1,""Nick"":4,""Vic"":1,""Jimmy"":2,""Andrew Saghian"":8,""Austin Brown"":1,""Zack"":2,""Jake Larsen"":2,""Will Gooner"":1,""Will"":4}",11/12/2025 13:18:08
HPDKU,93927755-54b4-462b-8d8c-12f25c20e0c3,"[[{""a"":{""entry"":null,""win"":null},""b"":{""entry"":""Denver"",""win"":null},""pick"":""b""},{""a"":{""entry"":""Dan"",""win"":null},""b"":{""entry"":null,""win"":null},""pick"":""a""},{""a"":{""entry"":""Josh"",""win"":null},""b"":{""entry"":""Hank"",""win"":null},""pick"":""b""},{""a"":{""entry"":null,""win"":null},""b"":{""entry"":""Ellis Weiner"",""win"":null},""pick"":""b""},{""a"":{""entry"":""Matt"",""win"":null},""b"":{""entry"":""Lorrin"",""win"":null},""pick"":""a""},{""a"":{""entry"":""Sean (Citizen Toxxie)"",""win"":null},""b"":{""entry"":""Zach Smith"",""win"":null},""pick"":""b""},{""a"":{""entry"":null,""win"":null},""b"":{""entry"":""Chris"",""win"":null},""pick"":""b""},{""a"":{""entry"":null,""win"":null},""b"":{""entry"":""Andrew"",""win"":null},""pick"":""b""},{""a"":{""entry"":""Scott"",""win"":null},""b"":{""entry"":""Holland"",""win"":null},""pick"":""b""},{""a"":{""entry"":""Austin"",""win"":null},""b"":{""entry"":""Allen"",""win"":null},""pick"":""a""},{""a"":{""entry"":""Nick"",""win"":null},""b"":{""entry"":""Vic"",""win"":null},""pick"":""a""},{""a"":{""entry"":null,""win"":null},""b"":{""entry"":""Jimmy"",""win"":null},""pick"":""b""},{""a"":{""entry"":""Andrew Saghian"",""win"":null},""b"":{""entry"":""Austin Brown"",""win"":null},""pick"":""a""},{""a"":{""entry"":""Zack"",""win"":null},""b"":{""entry"":null,""win"":null},""pick"":""a""},{""a"":{""entry"":null,""win"":null},""b"":{""entry"":""Jake Larsen"",""win"":null},""pick"":""b""},{""a"":{""entry"":""Will Gooner"",""win"":null},""b"":{""entry"":""Will"",""win"":null},""pick"":""b""}],[{""a"":{""entry"":""Denver"",""pick"":null},""b"":{""entry"":""Dan"",""pick"":null},""pick"":""b""},{""a"":{""entry"":""Hank"",""pick"":null},""b"":{""entry"":""Ellis Weiner"",""pick"":null},""pick"":""b""},{""a"":{""entry"":""Matt"",""pick"":null},""b"":{""entry"":""Zach Smith"",""pick"":null},""pick"":""a""},{""a"":{""entry"":""Chris"",""pick"":null},""b"":{""entry"":""Andrew"",""pick"":null},""pick"":""b""},{""a"":{""entry"":""Holland"",""pick"":null},""b"":{""entry"":""Austin"",""pick"":null},""pick"":""b""},{""a"":{""entry"":""Nick"",""pick"":null},""b"":{""entry"":""Jimmy"",""pick"":null},""pick"":""a""},{""a"":{""entry"":""Andrew Saghian"",""pick"":null},""b"":{""entry"":""Zack"",""pick"":null},""pick"":""a""},{""a"":{""entry"":""Jake Larsen"",""pick"":null},""b"":{""entry"":""Will"",""pick"":null},""pick"":""b""}],[{""a"":{""entry"":""Dan"",""pick"":null},""b"":{""entry"":""Ellis Weiner"",""pick"":null},""pick"":""b""},{""a"":{""entry"":""Matt"",""pick"":null},""b"":{""entry"":""Andrew"",""pick"":null},""pick"":""b""},{""a"":{""entry"":""Austin"",""pick"":null},""b"":{""entry"":""Nick"",""pick"":null},""pick"":""a""},{""a"":{""entry"":""Andrew Saghian"",""pick"":null},""b"":{""entry"":""Will"",""pick"":null},""pick"":""a""}],[{""a"":{""entry"":""Ellis Weiner"",""pick"":null},""b"":{""entry"":""Andrew"",""pick"":null},""pick"":""a""},{""a"":{""entry"":""Austin"",""pick"":null},""b"":{""entry"":""Andrew Saghian"",""pick"":null},""pick"":""a""}],[{""a"":{""entry"":""Ellis Weiner"",""pick"":null},""b"":{""entry"":""Austin"",""pick"":null},""pick"":""b""}],[{""a"":{""entry"":""Austin"",""pick"":null},""pick"":null}]]","[""Austin"",""Ellis Weiner"",""Andrew"",""Andrew Saghian"",""Dan"",""Matt"",""Nick"",""Will"",""Denver"",""Hank"",""Zach Smith"",""Chris"",""Holland"",""Jimmy"",""Zack"",""Jake Larsen"",""Josh"",""Lorrin"",""Sean (Citizen Toxxie)"",""Scott"",""Allen"",""Vic"",""Austin Brown"",""Will Gooner""]","{""Denver"":2,""Dan"":4,""Josh"":1,""Hank"":2,""Ellis Weiner"":16,""Matt"":4,""Lorrin"":1,""Sean (Citizen Toxxie)"":1,""Zach Smith"":2,""Chris"":2,""Andrew"":8,""Scott"":1,""Holland"":2,""Austin"":32,""Allen"":1,""Nick"":4,""Vic"":1,""Jimmy"":2,""Andrew Saghian"":8,""Austin Brown"":1,""Zack"":2,""Jake Larsen"":2,""Will Gooner"":1,""Will"":4}",11/12/2025 13:18:12
HPDKU,9e45f570-1ea7-41d5-9fd0-ce955823834b,"[[{""a"":{""entry"":null,""win"":null},""b"":{""entry"":""Denver"",""win"":null},""pick"":""b""},{""a"":{""entry"":""Dan"",""win"":null},""b"":{""entry"":null,""win"":null},""pick"":""a""},{""a"":{""entry"":""Josh"",""win"":null},""b"":{""entry"":""Hank"",""win"":null},""pick"":""b""},{""a"":{""entry"":null,""win"":null},""b"":{""entry"":""Ellis Weiner"",""win"":null},""pick"":""b""},{""a"":{""entry"":""Matt"",""win"":null},""b"":{""entry"":""Lorrin"",""win"":null},""pick"":""a""},{""a"":{""entry"":""Sean (Citizen Toxxie)"",""win"":null},""b"":{""entry"":""Zach Smith"",""win"":null},""pick"":""b""},{""a"":{""entry"":null,""win"":null},""b"":{""entry"":""Chris"",""win"":null},""pick"":""b""},{""a"":{""entry"":null,""win"":null},""b"":{""entry"":""Andrew"",""win"":null},""pick"":""b""},{""a"":{""entry"":""Scott"",""win"":null},""b"":{""entry"":""Holland"",""win"":null},""pick"":""b""},{""a"":{""entry"":""Austin"",""win"":null},""b"":{""entry"":""Allen"",""win"":null},""pick"":""b""},{""a"":{""entry"":""Nick"",""win"":null},""b"":{""entry"":""Vic"",""win"":null},""pick"":""b""},{""a"":{""entry"":null,""win"":null},""b"":{""entry"":""Jimmy"",""win"":null},""pick"":""b""},{""a"":{""entry"":""Andrew Saghian"",""win"":null},""b"":{""entry"":""Austin Brown"",""win"":null},""pick"":""a""},{""a"":{""entry"":""Zack"",""win"":null},""b"":{""entry"":null,""win"":null},""pick"":""a""},{""a"":{""entry"":null,""win"":null},""b"":{""entry"":""Jake Larsen"",""win"":null},""pick"":""b""},{""a"":{""entry"":""Will Gooner"",""win"":null},""b"":{""entry"":""Will"",""win"":null},""pick"":""a""}],[{""a"":{""entry"":""Denver"",""pick"":null},""b"":{""entry"":""Dan"",""pick"":null},""pick"":""a""},{""a"":{""entry"":""Hank"",""pick"":null},""b"":{""entry"":""Ellis Weiner"",""pick"":null},""pick"":""a""},{""a"":{""entry"":""Matt"",""pick"":null},""b"":{""entry"":""Zach Smith"",""pick"":null},""pick"":""a""},{""a"":{""entry"":""Chris"",""pick"":null},""b"":{""entry"":""Andrew"",""pick"":null},""pick"":""b""},{""a"":{""entry"":""Holland"",""pick"":null},""b"":{""entry"":""Allen"",""pick"":null},""pick"":""b""},{""a"":{""entry"":""Vic"",""pick"":null},""b"":{""entry"":""Jimmy"",""pick"":null},""pick"":""a""},{""a"":{""entry"":""Andrew Saghian"",""pick"":null},""b"":{""entry"":""Zack"",""pick"":null},""pick"":""b""},{""a"":{""entry"":""Jake Larsen"",""pick"":null},""b"":{""entry"":""Will Gooner"",""pick"":null},""pick"":""b""}],[{""a"":{""entry"":""Denver"",""pick"":null},""b"":{""entry"":""Hank"",""pick"":null},""pick"":""b""},{""a"":{""entry"":""Matt"",""pick"":null},""b"":{""entry"":""Andrew"",""pick"":null},""pick"":""a""},{""a"":{""entry"":""Allen"",""pick"":null},""b"":{""entry"":""Vic"",""pick"":null},""pick"":""a""},{""a"":{""entry"":""Zack"",""pick"":null},""b"":{""entry"":""Will Gooner"",""pick"":null},""pick"":""b""}],[{""a"":{""entry"":""Hank"",""pick"":null},""b"":{""entry"":""Matt"",""pick"":null},""pick"":""a""},{""a"":{""entry"":""Allen"",""pick"":null},""b"":{""entry"":""Will Gooner"",""pick"":null},""pick"":""a""}],[{""a"":{""entry"":""Hank"",""pick"":null},""b"":{""entry"":""Allen"",""pick"":null},""pick"":""a""}],[{""a"":{""entry"":""Hank"",""pick"":null},""pick"":null}]]","[""Hank"",""Allen"",""Matt"",""Will Gooner"",""Denver"",""Andrew"",""Vic"",""Zack"",""Dan"",""Ellis Weiner"",""Zach Smith"",""Chris"",""Holland"",""Jimmy"",""Andrew Saghian"",""Jake Larsen"",""Josh"",""Lorrin"",""Sean (Citizen Toxxie)"",""Scott"",""Austin"",""Nick"",""Austin Brown"",""Will""]","{""Denver"":4,""Dan"":2,""Josh"":1,""Hank"":32,""Ellis Weiner"":2,""Matt"":8,""Lorrin"":1,""Sean (Citizen Toxxie)"":1,""Zach Smith"":2,""Chris"":2,""Andrew"":4,""Scott"":1,""Holland"":2,""Austin"":1,""Allen"":16,""Nick"":1,""Vic"":4,""Jimmy"":2,""Andrew Saghian"":2,""Austin Brown"":1,""Zack"":4,""Jake Larsen"":2,""Will Gooner"":8,""Will"":1}",11/12/2025 13:22:29
HPDKU,47729a30-fe78-4cf0-a43f-df1719f86153,"[[{""a"":{""entry"":null,""win"":null},""b"":{""entry"":""Denver"",""win"":null},""pick"":""b""},{""a"":{""entry"":""Dan"",""win"":null},""b"":{""entry"":null,""win"":null},""pick"":""a""},{""a"":{""entry"":""Josh"",""win"":null},""b"":{""entry"":""Hank"",""win"":null},""pick"":""b""},{""a"":{""entry"":null,""win"":null},""b"":{""entry"":""Ellis Weiner"",""win"":null},""pick"":""b""},{""a"":{""entry"":""Matt"",""win"":null},""b"":{""entry"":""Lorrin"",""win"":null},""pick"":""b""},{""a"":{""entry"":""Sean (Citizen Toxxie)"",""win"":null},""b"":{""entry"":""Zach Smith"",""win"":null},""pick"":""a""},{""a"":{""entry"":null,""win"":null},""b"":{""entry"":""Chris"",""win"":null},""pick"":""b""},{""a"":{""entry"":null,""win"":null},""b"":{""entry"":""Andrew"",""win"":null},""pick"":""b""},{""a"":{""entry"":""Scott"",""win"":null},""b"":{""entry"":""Holland"",""win"":null},""pick"":""a""},{""a"":{""entry"":""Austin"",""win"":null},""b"":{""entry"":""Allen"",""win"":null},""pick"":""a""},{""a"":{""entry"":""Nick"",""win"":null},""b"":{""entry"":""Vic"",""win"":null},""pick"":""b""},{""a"":{""entry"":null,""win"":null},""b"":{""entry"":""Jimmy"",""win"":null},""pick"":""b""},{""a"":{""entry"":""Andrew Saghian"",""win"":null},""b"":{""entry"":""Austin Brown"",""win"":null},""pick"":""b""},{""a"":{""entry"":""Zack"",""win"":null},""b"":{""entry"":null,""win"":null},""pick"":""a""},{""a"":{""entry"":null,""win"":null},""b"":{""entry"":""Jake Larsen"",""win"":null},""pick"":""b""},{""a"":{""entry"":""Will Gooner"",""win"":null},""b"":{""entry"":""Will"",""win"":null},""pick"":""a""}],[{""a"":{""entry"":""Denver"",""pick"":null},""b"":{""entry"":""Dan"",""pick"":null},""pick"":""a""},{""a"":{""entry"":""Hank"",""pick"":null},""b"":{""entry"":""Ellis Weiner"",""pick"":null},""pick"":""a""},{""a"":{""entry"":""Lorrin"",""pick"":null},""b"":{""entry"":""Sean (Citizen Toxxie)"",""pick"":null},""pick"":""b""},{""a"":{""entry"":""Chris"",""pick"":null},""b"":{""entry"":""Andrew"",""pick"":null},""pick"":""b""},{""a"":{""entry"":""Scott"",""pick"":null},""b"":{""entry"":""Austin"",""pick"":null},""pick"":""b""},{""a"":{""entry"":""Vic"",""pick"":null},""b"":{""entry"":""Jimmy"",""pick"":null},""pick"":""b""},{""a"":{""entry"":""Austin Brown"",""pick"":null},""b"":{""entry"":""Zack"",""pick"":null},""pick"":""a""},{""a"":{""entry"":""Jake Larsen"",""pick"":null},""b"":{""entry"":""Will Gooner"",""pick"":null},""pick"":""a""}],[{""a"":{""entry"":""Denver"",""pick"":null},""b"":{""entry"":""Hank"",""pick"":null},""pick"":""b""},{""a"":{""entry"":""Sean (Citizen Toxxie)"",""pick"":null},""b"":{""entry"":""Andrew"",""pick"":null},""pick"":""b""},{""a"":{""entry"":""Austin"",""pick"":null},""b"":{""entry"":""Jimmy"",""pick"":null},""pick"":""b""},{""a"":{""entry"":""Austin Brown"",""pick"":null},""b"":{""entry"":""Jake Larsen"",""pick"":null},""pick"":""a""}],[{""a"":{""entry"":""Hank"",""pick"":null},""b"":{""entry"":""Andrew"",""pick"":null},""pick"":""b""},{""a"":{""entry"":""Jimmy"",""pick"":null},""b"":{""entry"":""Austin Brown"",""pick"":null},""pick"":""b""}],[{""a"":{""entry"":""Andrew"",""pick"":null},""b"":{""entry"":""Austin Brown"",""pick"":null},""pick"":""a""}],[{""a"":{""entry"":""Andrew"",""pick"":null},""pick"":null}]]","[""Andrew"",""Austin Brown"",""Hank"",""Jimmy"",""Denver"",""Sean (Citizen Toxxie)"",""Austin"",""Jake Larsen"",""Dan"",""Ellis Weiner"",""Lorrin"",""Chris"",""Scott"",""Vic"",""Zack"",""Will Gooner"",""Josh"",""Matt"",""Zach Smith"",""Holland"",""Allen"",""Nick"",""Andrew Saghian"",""Will""]","{""Denver"":4,""Dan"":2,""Josh"":1,""Hank"":8,""Ellis Weiner"":2,""Matt"":1,""Lorrin"":2,""Sean (Citizen Toxxie)"":4,""Zach Smith"":1,""Chris"":2,""Andrew"":32,""Scott"":2,""Holland"":1,""Austin"":4,""Allen"":1,""Nick"":1,""Vic"":2,""Jimmy"":8,""Andrew Saghian"":1,""Austin Brown"":16,""Zack"":2,""Jake Larsen"":4,""Will Gooner"":2,""Will"":1}",11/12/2025 13:42:51
HPDKU,191294d4-db16-4a3a-8e2f-04b9c6b56a1b,"[[{""a"":{""entry"":null,""win"":null},""b"":{""entry"":""Denver"",""win"":null},""pick"":""b""},{""a"":{""entry"":""Dan"",""win"":null},""b"":{""entry"":null,""win"":null},""pick"":""a""},{""a"":{""entry"":""Josh"",""win"":null},""b"":{""entry"":""Hank"",""win"":null},""pick"":""b""},{""a"":{""entry"":null,""win"":null},""b"":{""entry"":""Ellis Weiner"",""win"":null},""pick"":""b""},{""a"":{""entry"":""Matt"",""win"":null},""b"":{""entry"":""Lorrin"",""win"":null},""pick"":""a""},{""a"":{""entry"":""Sean (Citizen Toxxie)"",""win"":null},""b"":{""entry"":""Zach Smith"",""win"":null},""pick"":""a""},{""a"":{""entry"":null,""win"":null},""b"":{""entry"":""Chris"",""win"":null},""pick"":""b""},{""a"":{""entry"":null,""win"":null},""b"":{""entry"":""Andrew"",""win"":null},""pick"":""b""},{""a"":{""entry"":""Scott"",""win"":null},""b"":{""entry"":""Holland"",""win"":null},""pick"":""a""},{""a"":{""entry"":""Austin"",""win"":null},""b"":{""entry"":""Allen"",""win"":null},""pick"":""a""},{""a"":{""entry"":""Nick"",""win"":null},""b"":{""entry"":""Vic"",""win"":null},""pick"":""b""},{""a"":{""entry"":null,""win"":null},""b"":{""entry"":""Jimmy"",""win"":null},""pick"":""b""},{""a"":{""entry"":""Andrew Saghian"",""win"":null},""b"":{""entry"":""Austin Brown"",""win"":null},""pick"":""a""},{""a"":{""entry"":""Zack"",""win"":null},""b"":{""entry"":null,""win"":null},""pick"":""a""},{""a"":{""entry"":null,""win"":null},""b"":{""entry"":""Jake Larsen"",""win"":null},""pick"":""b""},{""a"":{""entry"":""Will Gooner"",""win"":null},""b"":{""entry"":""Will"",""win"":null},""pick"":""a""}],[{""a"":{""entry"":""Denver"",""pick"":null},""b"":{""entry"":""Dan"",""pick"":null},""pick"":""a""},{""a"":{""entry"":""Hank"",""pick"":null},""b"":{""entry"":""Ellis Weiner"",""pick"":null},""pick"":""a""},{""a"":{""entry"":""Matt"",""pick"":null},""b"":{""entry"":""Sean (Citizen Toxxie)"",""pick"":null},""pick"":""a""},{""a"":{""entry"":""Chris"",""pick"":null},""b"":{""entry"":""Andrew"",""pick"":null},""pick"":""b""},{""a"":{""entry"":""Scott"",""pick"":null},""b"":{""entry"":""Austin"",""pick"":null},""pick"":""b""},{""a"":{""entry"":""Vic"",""pick"":null},""b"":{""entry"":""Jimmy"",""pick"":null},""pick"":""a""},{""a"":{""entry"":""Andrew Saghian"",""pick"":null},""b"":{""entry"":""Zack"",""pick"":null},""pick"":""a""},{""a"":{""entry"":""Jake Larsen"",""pick"":null},""b"":{""entry"":""Will Gooner"",""pick"":null},""pick"":""a""}],[{""a"":{""entry"":""Denver"",""pick"":null},""b"":{""entry"":""Hank"",""pick"":null},""pick"":""b""},{""a"":{""entry"":""Matt"",""pick"":null},""b"":{""entry"":""Andrew"",""pick"":null},""pick"":""a""},{""a"":{""entry"":""Austin"",""pick"":null},""b"":{""entry"":""Vic"",""pick"":null},""pick"":""a""},{""a"":{""entry"":""Andrew Saghian"",""pick"":null},""b"":{""entry"":""Jake Larsen"",""pick"":null},""pick"":""b""}],[{""a"":{""entry"":""Hank"",""pick"":null},""b"":{""entry"":""Matt"",""pick"":null},""pick"":""a""},{""a"":{""entry"":""Austin"",""pick"":null},""b"":{""entry"":""Jake Larsen"",""pick"":null},""pick"":""a""}],[{""a"":{""entry"":""Hank"",""pick"":null},""b"":{""entry"":""Austin"",""pick"":null},""pick"":""a""}],[{""a"":{""entry"":""Hank"",""pick"":null},""pick"":null}]]","[""Hank"",""Austin"",""Matt"",""Jake Larsen"",""Denver"",""Andrew"",""Vic"",""Andrew Saghian"",""Dan"",""Ellis Weiner"",""Sean (Citizen Toxxie)"",""Chris"",""Scott"",""Jimmy"",""Zack"",""Will Gooner"",""Josh"",""Lorrin"",""Zach Smith"",""Holland"",""Allen"",""Nick"",""Austin Brown"",""Will""]","{""Denver"":4,""Dan"":2,""Josh"":1,""Hank"":32,""Ellis Weiner"":2,""Matt"":8,""Lorrin"":1,""Sean (Citizen Toxxie)"":2,""Zach Smith"":1,""Chris"":2,""Andrew"":4,""Scott"":2,""Holland"":1,""Austin"":16,""Allen"":1,""Nick"":1,""Vic"":4,""Jimmy"":2,""Andrew Saghian"":4,""Austin Brown"":1,""Zack"":2,""Jake Larsen"":8,""Will Gooner"":2,""Will"":1}",11/12/2025 13:46:28
7IQLV,4fff18d9-5335-4665-a090-2a4707ee1857,"[[{""a"":{""entry"":""Jimmy"",""win"":null},""b"":{""entry"":""Zach"",""win"":null},""pick"":""b""},{""a"":{""entry"":null,""win"":null},""b"":{""entry"":""Dan"",""win"":null},""pick"":""b""},{""a"":{""entry"":null,""win"":null},""b"":{""entry"":""Scott"",""win"":null},""pick"":""b""},{""a"":{""entry"":""Andrew"",""win"":null},""b"":{""entry"":null,""win"":null},""pick"":""a""},{""a"":{""entry"":""Jake Larsen"",""win"":null},""b"":{""entry"":""Matt"",""win"":null},""pick"":""b""},{""a"":{""entry"":""Will Hardy"",""win"":null},""b"":{""entry"":""Austin"",""win"":null},""pick"":""b""},{""a"":{""entry"":""Chris"",""win"":null},""b"":{""entry"":null,""win"":null},""pick"":""a""},{""a"":{""entry"":null,""win"":null},""b"":{""entry"":""Josh Kurksy"",""win"":null},""pick"":""b""},{""a"":{""entry"":""Ellis Weiner"",""win"":null},""b"":{""entry"":null,""win"":null},""pick"":""a""},{""a"":{""entry"":""Holland"",""win"":null},""b"":{""entry"":null,""win"":null},""pick"":""a""},{""a"":{""entry"":""Will Gooner"",""win"":null},""b"":{""entry"":null,""win"":null},""pick"":""a""},{""a"":{""entry"":""Citizen Toxie (Sean)"",""win"":null},""b"":{""entry"":""Denver"",""win"":null},""pick"":""b""},{""a"":{""entry"":""Lorrin"",""win"":null},""b"":{""entry"":""Hank"",""win"":null},""pick"":""b""},{""a"":{""entry"":""Zack"",""win"":null},""b"":{""entry"":""Allen"",""win"":null},""pick"":""b""},{""a"":{""entry"":""Austin Brown"",""win"":null},""b"":{""entry"":""Vic"",""win"":null},""pick"":null},{""a"":{""entry"":""Nick"",""win"":null},""b"":{""entry"":""Saghian"",""win"":null},""pick"":null}],[{""a"":{""entry"":""Zach"",""pick"":null},""b"":{""entry"":""Dan"",""pick"":null},""pick"":null},{""a"":{""entry"":""Scott"",""pick"":null},""b"":{""entry"":""Andrew"",""pick"":null},""pick"":null},{""a"":{""entry"":""Matt"",""pick"":null},""b"":{""entry"":""Austin"",""pick"":null},""pick"":null},{""a"":{""entry"":""Chris"",""pick"":null},""b"":{""entry"":""Josh Kurksy"",""pick"":null},""pick"":null},{""a"":{""entry"":""Ellis Weiner"",""pick"":null},""b"":{""entry"":""Holland"",""pick"":null},""pick"":null},{""a"":{""entry"":""Will Gooner"",""pick"":null},""b"":{""entry"":""Denver"",""pick"":null},""pick"":null},{""a"":{""entry"":""Hank"",""pick"":null},""b"":{""entry"":""Allen"",""pick"":null},""pick"":null},{""a"":{""a"":{""entry"":""Austin Brown"",""win"":null},""b"":{""entry"":""Vic"",""win"":null},""pick"":null},""b"":{""a"":{""entry"":""Nick"",""win"":null},""b"":{""entry"":""Saghian"",""win"":null},""pick"":null},""pick"":null}],[{""a"":{""a"":{""entry"":""Zach"",""pick"":null},""b"":{""entry"":""Dan"",""pick"":null},""pick"":null},""b"":{""a"":{""entry"":""Scott"",""pick"":null},""b"":{""entry"":""Andrew"",""pick"":null},""pick"":null},""pick"":null},{""a"":{""a"":{""entry"":""Matt"",""pick"":null},""b"":{""entry"":""Austin"",""pick"":null},""pick"":null},""b"":{""a"":{""entry"":""Chris"",""pick"":null},""b"":{""entry"":""Josh Kurksy"",""pick"":null},""pick"":null},""pick"":null},{""a"":{""a"":{""entry"":""Ellis Weiner"",""pick"":null},""b"":{""entry"":""Holland"",""pick"":null},""pick"":null},""b"":{""a"":{""entry"":""Will Gooner"",""pick"":null},""b"":{""entry"":""Denver"",""pick"":null},""pick"":null},""pick"":null},{""a"":{""a"":{""entry"":""Hank"",""pick"":null},""b"":{""entry"":""Allen"",""pick"":null},""pick"":null},""b"":{""a"":{""a"":{""entry"":""Austin Brown"",""win"":null},""b"":{""entry"":""Vic"",""win"":null},""pick"":null},""b"":{""a"":{""entry"":""Nick"",""win"":null},""b"":{""entry"":""Saghian"",""win"":null},""pick"":null},""pick"":null},""pick"":null}],[{""a"":{""a"":{""a"":{""entry"":""Zach"",""pick"":null},""b"":{""entry"":""Dan"",""pick"":null},""pick"":null},""b"":{""a"":{""entry"":""Scott"",""pick"":null},""b"":{""entry"":""Andrew"",""pick"":null},""pick"":null},""pick"":null},""b"":{""a"":{""a"":{""entry"":""Matt"",""pick"":null},""b"":{""entry"":""Austin"",""pick"":null},""pick"":null},""b"":{""a"":{""entry"":""Chris"",""pick"":null},""b"":{""entry"":""Josh Kurksy"",""pick"":null},""pick"":null},""pick"":null},""pick"":null},{""a"":{""a"":{""a"":{""entry"":""Ellis Weiner"",""pick"":null},""b"":{""entry"":""Holland"",""pick"":null},""pick"":null},""b"":{""a"":{""entry"":""Will Gooner"",""pick"":null},""b"":{""entry"":""Denver"",""pick"":null},""pick"":null},""pick"":null},""b"":{""a"":{""a"":{""entry"":""Hank"",""pick"":null},""b"":{""entry"":""Allen"",""pick"":null},""pick"":null},""b"":{""a"":{""a"":{""entry"":""Austin Brown"",""win"":null},""b"":{""entry"":""Vic"",""win"":null},""pick"":null},""b"":{""a"":{""entry"":""Nick"",""win"":null},""b"":{""entry"":""Saghian"",""win"":null},""pick"":null},""pick"":null},""pick"":null},""pick"":null}],[{""a"":{""a"":{""a"":{""a"":{""entry"":""Zach"",""pick"":null},""b"":{""entry"":""Dan"",""pick"":null},""pick"":null},""b"":{""a"":{""entry"":""Scott"",""pick"":null},""b"":{""entry"":""Andrew"",""pick"":null},""pick"":null},""pick"":null},""b"":{""a"":{""a"":{""entry"":""Matt"",""pick"":null},""b"":{""entry"":""Austin"",""pick"":null},""pick"":null},""b"":{""a"":{""entry"":""Chris"",""pick"":null},""b"":{""entry"":""Josh Kurksy"",""pick"":null},""pick"":null},""pick"":null},""pick"":null},""b"":{""a"":{""a"":{""a"":{""entry"":""Ellis Weiner"",""pick"":null},""b"":{""entry"":""Holland"",""pick"":null},""pick"":null},""b"":{""a"":{""entry"":""Will Gooner"",""pick"":null},""b"":{""entry"":""Denver"",""pick"":null},""pick"":null},""pick"":null},""b"":{""a"":{""a"":{""entry"":""Hank"",""pick"":null},""b"":{""entry"":""Allen"",""pick"":null},""pick"":null},""b"":{""a"":{""a"":{""entry"":""Austin Brown"",""win"":null},""b"":{""entry"":""Vic"",""win"":null},""pick"":null},""b"":{""a"":{""entry"":""Nick"",""win"":null},""b"":{""entry"":""Saghian"",""win"":null},""pick"":null},""pick"":null},""pick"":null},""pick"":null},""pick"":null}],[{""a"":{""a"":{""a"":{""a"":{""a"":{""entry"":""Zach"",""pick"":null},""b"":{""entry"":""Dan"",""pick"":null},""pick"":null},""b"":{""a"":{""entry"":""Scott"",""pick"":null},""b"":{""entry"":""Andrew"",""pick"":null},""pick"":null},""pick"":null},""b"":{""a"":{""a"":{""entry"":""Matt"",""pick"":null},""b"":{""entry"":""Austin"",""pick"":null},""pick"":null},""b"":{""a"":{""entry"":""Chris"",""pick"":null},""b"":{""entry"":""Josh Kurksy"",""pick"":null},""pick"":null},""pick"":null},""pick"":null},""b"":{""a"":{""a"":{""a"":{""entry"":""Ellis Weiner"",""pick"":null},""b"":{""entry"":""Holland"",""pick"":null},""pick"":null},""b"":{""a"":{""entry"":""Will Gooner"",""pick"":null},""b"":{""entry"":""Denver"",""pick"":null},""pick"":null},""pick"":null},""b"":{""a"":{""a"":{""entry"":""Hank"",""pick"":null},""b"":{""entry"":""Allen"",""pick"":null},""pick"":null},""b"":{""a"":{""a"":{""entry"":""Austin Brown"",""win"":null},""b"":{""entry"":""Vic"",""win"":null},""pick"":null},""b"":{""a"":{""entry"":""Nick"",""win"":null},""b"":{""entry"":""Saghian"",""win"":null},""pick"":null},""pick"":null},""pick"":null},""pick"":null},""pick"":null},""pick"":null}]]","[""Jimmy"",""Jake Larsen"",""Will Hardy"",""Citizen Toxie (Sean)"",""Lorrin"",""Zack"",""Zach"",""Dan"",""Scott"",""Andrew"",""Matt"",""Austin"",""Chris"",""Josh Kurksy"",""Ellis Weiner"",""Holland"",""Will Gooner"",""Denver"",""Hank"",""Allen"",""Austin Brown"",""Vic"",""Nick"",""Saghian""]","{""Jimmy"":1,""Zach"":2,""Dan"":2,""Scott"":2,""Andrew"":2,""Jake Larsen"":1,""Matt"":2,""Will Hardy"":1,""Austin"":2,""Chris"":2,""Josh Kurksy"":2,""Ellis Weiner"":2,""Holland"":2,""Will Gooner"":2,""Citizen Toxie (Sean)"":1,""Denver"":2,""Lorrin"":1,""Hank"":2,""Zack"":1,""Allen"":2,""Austin Brown"":1,""Vic"":1,""Nick"":1,""Saghian"":1}",11/12/2025 17:41:04
ZDRUB,2ad83806-d616-4ae1-ae18-9d11b418bb08,"[[{""a"":{""entry"":null,""win"":null},""b"":{""entry"":""Josh"",""win"":null},""pick"":""b""},{""a"":{""entry"":""Austin Brown"",""win"":null},""b"":{""entry"":""Dan"",""win"":null},""pick"":""a""},{""a"":{""entry"":""Allen"",""win"":null},""b"":{""entry"":null,""win"":null},""pick"":""a""},{""a"":{""entry"":""Chris"",""win"":null},""b"":{""entry"":""Zack"",""win"":null},""pick"":""a""},{""a"":{""entry"":""Matt"",""win"":null},""b"":{""entry"":null,""win"":null},""pick"":""a""},{""a"":{""entry"":""Vic"",""win"":null},""b"":{""entry"":""Jake Larsen"",""win"":null},""pick"":""b""},{""a"":{""entry"":""Nick"",""win"":null},""b"":{""entry"":null,""win"":null},""pick"":""a""},{""a"":{""entry"":null,""win"":null},""b"":{""entry"":""Lorrin"",""win"":null},""pick"":""b""},{""a"":{""entry"":null,""win"":null},""b"":{""entry"":""Jimmy"",""win"":null},""pick"":""b""},{""a"":{""entry"":""Ellis Weiner"",""win"":null},""b"":{""entry"":""Andrew Saghian"",""win"":null},""pick"":""b""},{""a"":{""entry"":""Sean (Citizen Toxxie)"",""win"":null},""b"":{""entry"":""Austin"",""win"":null},""pick"":""a""},{""a"":{""entry"":""Andrew"",""win"":null},""b"":{""entry"":""Will"",""win"":null},""pick"":""b""},{""a"":{""entry"":""Scott"",""win"":null},""b"":{""entry"":""Hank"",""win"":null},""pick"":""a""},{""a"":{""entry"":null,""win"":null},""b"":{""entry"":""Holland"",""win"":null},""pick"":""b""},{""a"":{""entry"":""Denver"",""win"":null},""b"":{""entry"":null,""win"":null},""pick"":""a""},{""a"":{""entry"":""Zach Smith"",""win"":null},""b"":{""entry"":""Will Gooner"",""win"":null},""pick"":""a""}],[{""a"":{""entry"":""Josh"",""pick"":null},""b"":{""entry"":""Austin Brown"",""pick"":null},""pick"":""a""},{""a"":{""entry"":""Allen"",""pick"":null},""b"":{""entry"":""Chris"",""pick"":null},""pick"":""b""},{""a"":{""entry"":""Matt"",""pick"":null},""b"":{""entry"":""Jake Larsen"",""pick"":null},""pick"":""b""},{""a"":{""entry"":""Nick"",""pick"":null},""b"":{""entry"":""Lorrin"",""pick"":null},""pick"":""a""},{""a"":{""entry"":""Jimmy"",""pick"":null},""b"":{""entry"":""Andrew Saghian"",""pick"":null},""pick"":""a""},{""a"":{""entry"":""Sean (Citizen Toxxie)"",""pick"":null},""b"":{""entry"":""Will"",""pick"":null},""pick"":""a""},{""a"":{""entry"":""Scott"",""pick"":null},""b"":{""entry"":""Holland"",""pick"":null},""pick"":""a""},{""a"":{""entry"":""Denver"",""pick"":null},""b"":{""entry"":""Zach Smith"",""pick"":null},""pick"":""a""}],[{""a"":{""entry"":""Josh"",""pick"":null},""b"":{""entry"":""Chris"",""pick"":null},""pick"":""b""},{""a"":{""entry"":""Jake Larsen"",""pick"":null},""b"":{""entry"":""Nick"",""pick"":null},""pick"":""b""},{""a"":{""entry"":""Jimmy"",""pick"":null},""b"":{""entry"":""Sean (Citizen Toxxie)"",""pick"":null},""pick"":""b""},{""a"":{""entry"":""Scott"",""pick"":null},""b"":{""entry"":""Denver"",""pick"":null},""pick"":""b""}],[{""a"":{""entry"":""Chris"",""pick"":null},""b"":{""entry"":""Nick"",""pick"":null},""pick"":""b""},{""a"":{""entry"":""Sean (Citizen Toxxie)"",""pick"":null},""b"":{""entry"":""Denver"",""pick"":null},""pick"":""b""}],[{""a"":{""entry"":""Nick"",""pick"":null},""b"":{""entry"":""Denver"",""pick"":null},""pick"":""a""}],[{""a"":{""entry"":""Nick"",""pick"":null},""pick"":null}]]","[""Nick"",""Denver"",""Chris"",""Sean (Citizen Toxxie)"",""Josh"",""Jake Larsen"",""Jimmy"",""Scott"",""Austin Brown"",""Allen"",""Matt"",""Lorrin"",""Andrew Saghian"",""Will"",""Holland"",""Zach Smith"",""Dan"",""Zack"",""Vic"",""Ellis Weiner"",""Austin"",""Andrew"",""Hank"",""Will Gooner""]","{""Josh"":4,""Austin Brown"":2,""Dan"":1,""Allen"":2,""Chris"":8,""Zack"":1,""Matt"":2,""Vic"":1,""Jake Larsen"":4,""Nick"":32,""Lorrin"":2,""Jimmy"":4,""Ellis Weiner"":1,""Andrew Saghian"":2,""Sean (Citizen Toxxie)"":8,""Austin"":1,""Andrew"":1,""Will"":2,""Scott"":4,""Hank"":1,""Holland"":2,""Denver"":16,""Zach Smith"":2,""Will Gooner"":1}",11/13/2025 14:39:44
0QH1H,db5df91c-72da-4de0-a73b-45a017d46d30,"[[{""a"":{""entry"":""who are you and where were you on 9/11"",""win"":null},""b"":{""entry"":null,""win"":null},""pick"":""a""},{""a"":{""entry"":""george bush is my father"",""win"":null},""b"":{""entry"":""is my stromboli over salted?"",""win"":null},""pick"":""b""},{""a"":{""entry"":""i am stuffed, I simply cannot have any more dole whip"",""win"":null},""b"":{""entry"":null,""win"":null},""pick"":""a""},{""a"":{""entry"":""kobeeeeeeee"",""win"":null},""b"":{""entry"":null,""win"":null},""pick"":""a""},{""a"":{""entry"":null,""win"":null},""b"":{""entry"":""downey extra soft all the way"",""win"":null},""pick"":""b""},{""a"":{""entry"":""i'm an electrician, let me see those wires"",""win"":null},""b"":{""entry"":""you're under arrest"",""win"":null},""pick"":""b""},{""a"":{""entry"":""denver is the source"",""win"":null},""b"":{""entry"":""i asked the pope and he said you're wrong"",""win"":null},""pick"":""a""},{""a"":{""entry"":null,""win"":null},""b"":{""entry"":""what brought you to alberta?"",""win"":null},""pick"":""b""},{""a"":{""entry"":""hey"",""win"":null},""b"":{""entry"":null,""win"":null},""pick"":""a""},{""a"":{""entry"":""can you tug on this real quick"",""win"":null},""b"":{""entry"":""fleeting is the aspiration of man"",""win"":null},""pick"":""a""},{""a"":{""entry"":""no"",""win"":null},""b"":{""entry"":""my friend tim said it's okay"",""win"":null},""pick"":""b""},{""a"":{""entry"":""try again"",""win"":null},""b"":{""entry"":""i'm calling my lawyer"",""win"":null},""pick"":""b""},{""a"":{""entry"":null,""win"":null},""b"":{""entry"":""ask me next year Mr rockefeller"",""win"":null},""pick"":""b""},{""a"":{""entry"":""bowling shoes pay for themselves if you go a couple of times"",""win"":null},""b"":{""entry"":""yes"",""win"":null},""pick"":""a""},{""a"":{""entry"":""starships were meant to fly"",""win"":null},""b"":{""entry"":null,""win"":null},""pick"":""a""},{""a"":{""entry"":""why not"",""win"":null},""b"":{""entry"":""call me when you get a brain"",""win"":null},""pick"":""b""}],[{""a"":{""entry"":""who are you and where were you on 9/11"",""pick"":null},""b"":{""entry"":""is my stromboli over salted?"",""pick"":null},""pick"":""b""},{""a"":{""entry"":""i am stuffed, I simply cannot have any more dole whip"",""pick"":null},""b"":{""entry"":""kobeeeeeeee"",""pick"":null},""pick"":""a""},{""a"":{""entry"":""downey extra soft all the way"",""pick"":null},""b"":{""entry"":""you're under arrest"",""pick"":null},""pick"":""b""},{""a"":{""entry"":""denver is the source"",""pick"":null},""b"":{""entry"":""what brought you to alberta?"",""pick"":null},""pick"":""a""},{""a"":{""entry"":""hey"",""pick"":null},""b"":{""entry"":""can you tug on this real quick"",""pick"":null},""pick"":""b""},{""a"":{""entry"":""my friend tim said it's okay"",""pick"":null},""b"":{""entry"":""i'm calling my lawyer"",""pick"":null},""pick"":""a""},{""a"":{""entry"":""ask me next year Mr rockefeller"",""pick"":null},""b"":{""entry"":""bowling shoes pay for themselves if you go a couple of times"",""pick"":null},""pick"":""a""},{""a"":{""entry"":""starships were meant to fly"",""pick"":null},""b"":{""entry"":""call me when you get a brain"",""pick"":null},""pick"":""b""}],[{""a"":{""entry"":""is my stromboli over salted?"",""pick"":null},""b"":{""entry"":""i am stuffed, I simply cannot have any more dole whip"",""pick"":null},""pick"":""a""},{""a"":{""entry"":""you're under arrest"",""pick"":null},""b"":{""entry"":""denver is the source"",""pick"":null},""pick"":""b""},{""a"":{""entry"":""can you tug on this real quick"",""pick"":null},""b"":{""entry"":""my friend tim said it's okay"",""pick"":null},""pick"":""a""},{""a"":{""entry"":""ask me next year Mr rockefeller"",""pick"":null},""b"":{""entry"":""call me when you get a brain"",""pick"":null},""pick"":""a""}],[{""a"":{""entry"":""is my stromboli over salted?"",""pick"":null},""b"":{""entry"":""denver is the source"",""pick"":null},""pick"":""b""},{""a"":{""entry"":""can you tug on this real quick"",""pick"":null},""b"":{""entry"":""ask me next year Mr rockefeller"",""pick"":null},""pick"":""b""}],[{""a"":{""entry"":""denver is the source"",""pick"":null},""b"":{""entry"":""ask me next year Mr rockefeller"",""pick"":null},""pick"":""b""}],[{""a"":{""entry"":""ask me next year Mr rockefeller"",""pick"":null},""pick"":null}]]","[""ask me next year Mr rockefeller"",""denver is the source"",""is my stromboli over salted?"",""can you tug on this real quick"",""i am stuffed, I simply cannot have any more dole whip"",""you're under arrest"",""my friend tim said it's okay"",""call me when you get a brain"",""who are you and where were you on 9/11"",""kobeeeeeeee"",""downey extra soft all the way"",""what brought you to alberta?"",""hey"",""i'm calling my lawyer"",""bowling shoes pay for themselves if you go a couple of times"",""starships were meant to fly"",""george bush is my father"",""i'm an electrician, let me see those wires"",""i asked the pope and he said you're wrong"",""fleeting is the aspiration of man"",""no"",""try again"",""yes"",""why not""]","{""who are you and where were you on 9/11"":2,""george bush is my father"":1,""is my stromboli over salted?"":8,""i am stuffed, I simply cannot have any more dole whip"":4,""kobeeeeeeee"":2,""downey extra soft all the way"":2,""i'm an electrician, let me see those wires"":1,""you're under arrest"":4,""denver is the source"":16,""i asked the pope and he said you're wrong"":1,""what brought you to alberta?"":2,""hey"":2,""can you tug on this real quick"":8,""fleeting is the aspiration of man"":1,""no"":1,""my friend tim said it's okay"":4,""try again"":1,""i'm calling my lawyer"":2,""ask me next year Mr rockefeller"":32,""bowling shoes pay for themselves if you go a couple of times"":2,""yes"":1,""starships were meant to fly"":2,""why not"":1,""call me when you get a brain"":4}",11/13/2025 14:41:05
0QH1H,eba5310c-7eef-4ade-827d-c300cc7a3ab9,"[[{""a"":{""entry"":""who are you and where were you on 9/11"",""win"":null},""b"":{""entry"":null,""win"":null},""pick"":""a""},{""a"":{""entry"":""george bush is my father"",""win"":null},""b"":{""entry"":""is my stromboli over salted?"",""win"":null},""pick"":""a""},{""a"":{""entry"":""i am stuffed, I simply cannot have any more dole whip"",""win"":null},""b"":{""entry"":null,""win"":null},""pick"":""a""},{""a"":{""entry"":""kobeeeeeeee"",""win"":null},""b"":{""entry"":null,""win"":null},""pick"":""a""},{""a"":{""entry"":null,""win"":null},""b"":{""entry"":""downey extra soft all the way"",""win"":null},""pick"":""b""},{""a"":{""entry"":""i'm an electrician, let me see those wires"",""win"":null},""b"":{""entry"":""you're under arrest"",""win"":null},""pick"":""a""},{""a"":{""entry"":""denver is the source"",""win"":null},""b"":{""entry"":""i asked the pope and he said you're wrong"",""win"":null},""pick"":""b""},{""a"":{""entry"":null,""win"":null},""b"":{""entry"":""what brought you to alberta?"",""win"":null},""pick"":""b""},{""a"":{""entry"":""hey"",""win"":null},""b"":{""entry"":null,""win"":null},""pick"":""a""},{""a"":{""entry"":""can you tug on this real quick"",""win"":null},""b"":{""entry"":""fleeting is the aspiration of man"",""win"":null},""pick"":""a""},{""a"":{""entry"":""no"",""win"":null},""b"":{""entry"":""my friend tim said it's okay"",""win"":null},""pick"":""b""},{""a"":{""entry"":""try again"",""win"":null},""b"":{""entry"":""i'm calling my lawyer"",""win"":null},""pick"":""b""},{""a"":{""entry"":null,""win"":null},""b"":{""entry"":""ask me next year Mr rockefeller"",""win"":null},""pick"":""b""},{""a"":{""entry"":""bowling shoes pay for themselves if you go a couple of times"",""win"":null},""b"":{""entry"":""yes"",""win"":null},""pick"":""a""},{""a"":{""entry"":""starships were meant to fly"",""win"":null},""b"":{""entry"":null,""win"":null},""pick"":""a""},{""a"":{""entry"":""why not"",""win"":null},""b"":{""entry"":""call me when you get a brain"",""win"":null},""pick"":""b""}],[{""a"":{""entry"":""who are you and where were you on 9/11"",""pick"":null},""b"":{""entry"":""george bush is my father"",""pick"":null},""pick"":""a""},{""a"":{""entry"":""i am stuffed, I simply cannot have any more dole whip"",""pick"":null},""b"":{""entry"":""kobeeeeeeee"",""pick"":null},""pick"":""a""},{""a"":{""entry"":""downey extra soft all the way"",""pick"":null},""b"":{""entry"":""i'm an electrician, let me see those wires"",""pick"":null},""pick"":""b""},{""a"":{""entry"":""i asked the pope and he said you're wrong"",""pick"":null},""b"":{""entry"":""what brought you to alberta?"",""pick"":null},""pick"":""b""},{""a"":{""entry"":""hey"",""pick"":null},""b"":{""entry"":""can you tug on this real quick"",""pick"":null},""pick"":""b""},{""a"":{""entry"":""my friend tim said it's okay"",""pick"":null},""b"":{""entry"":""i'm calling my lawyer"",""pick"":null},""pick"":""a""},{""a"":{""entry"":""ask me next year Mr rockefeller"",""pick"":null},""b"":{""entry"":""bowling shoes pay for themselves if you go a couple of times"",""pick"":null},""pick"":""a""},{""a"":{""entry"":""starships were meant to fly"",""pick"":null},""b"":{""entry"":""call me when you get a brain"",""pick"":null},""pick"":""b""}],[{""a"":{""entry"":""who are you and where were you on 9/11"",""pick"":null},""b"":{""entry"":""i am stuffed, I simply cannot have any more dole whip"",""pick"":null},""pick"":""a""},{""a"":{""entry"":""i'm an electrician, let me see those wires"",""pick"":null},""b"":{""entry"":""what brought you to alberta?"",""pick"":null},""pick"":""a""},{""a"":{""entry"":""can you tug on this real quick"",""pick"":null},""b"":{""entry"":""my friend tim said it's okay"",""pick"":null},""pick"":""a""},{""a"":{""entry"":""ask me next year Mr rockefeller"",""pick"":null},""b"":{""entry"":""call me when you get a brain"",""pick"":null},""pick"":""b""}],[{""a"":{""entry"":""who are you and where were you on 9/11"",""pick"":null},""b"":{""entry"":""i'm an electrician, let me see those wires"",""pick"":null},""pick"":""b""},{""a"":{""entry"":""can you tug on this real quick"",""pick"":null},""b"":{""entry"":""call me when you get a brain"",""pick"":null},""pick"":""b""}],[{""a"":{""entry"":""i'm an electrician, let me see those wires"",""pick"":null},""b"":{""entry"":""call me when you get a brain"",""pick"":null},""pick"":""b""}],[{""a"":{""entry"":""call me when you get a brain"",""pick"":null},""pick"":null}]]","[""call me when you get a brain"",""i'm an electrician, let me see those wires"",""who are you and where were you on 9/11"",""can you tug on this real quick"",""i am stuffed, I simply cannot have any more dole whip"",""what brought you to alberta?"",""my friend tim said it's okay"",""ask me next year Mr rockefeller"",""george bush is my father"",""kobeeeeeeee"",""downey extra soft all the way"",""i asked the pope and he said you're wrong"",""hey"",""i'm calling my lawyer"",""bowling shoes pay for themselves if you go a couple of times"",""starships were meant to fly"",""is my stromboli over salted?"",""you're under arrest"",""denver is the source"",""fleeting is the aspiration of man"",""no"",""try again"",""yes"",""why not""]","{""who are you and where were you on 9/11"":8,""george bush is my father"":2,""is my stromboli over salted?"":1,""i am stuffed, I simply cannot have any more dole whip"":4,""kobeeeeeeee"":2,""downey extra soft all the way"":2,""i'm an electrician, let me see those wires"":16,""you're under arrest"":1,""denver is the source"":1,""i asked the pope and he said you're wrong"":2,""what brought you to alberta?"":4,""hey"":2,""can you tug on this real quick"":8,""fleeting is the aspiration of man"":1,""no"":1,""my friend tim said it's okay"":4,""try again"":1,""i'm calling my lawyer"":2,""ask me next year Mr rockefeller"":4,""bowling shoes pay for themselves if you go a couple of times"":2,""yes"":1,""starships were meant to fly"":2,""why not"":1,""call me when you get a brain"":32}",11/13/2025 14:42:32
ZDRUB,d5756c25-84c4-4355-861c-313695309089,"[[{""a"":{""entry"":null,""win"":null},""b"":{""entry"":""Josh"",""win"":null},""pick"":""b""},{""a"":{""entry"":""Austin Brown"",""win"":null},""b"":{""entry"":""Dan"",""win"":null},""pick"":""b""},{""a"":{""entry"":""Allen"",""win"":null},""b"":{""entry"":null,""win"":null},""pick"":""a""},{""a"":{""entry"":""Chris"",""win"":null},""b"":{""entry"":""Zack"",""win"":null},""pick"":""b""},{""a"":{""entry"":""Matt"",""win"":null},""b"":{""entry"":null,""win"":null},""pick"":""a""},{""a"":{""entry"":""Vic"",""win"":null},""b"":{""entry"":""Jake Larsen"",""win"":null},""pick"":""b""},{""a"":{""entry"":""Nick"",""win"":null},""b"":{""entry"":null,""win"":null},""pick"":""a""},{""a"":{""entry"":null,""win"":null},""b"":{""entry"":""Lorrin"",""win"":null},""pick"":""b""},{""a"":{""entry"":null,""win"":null},""b"":{""entry"":""Jimmy"",""win"":null},""pick"":""b""},{""a"":{""entry"":""Ellis Weiner"",""win"":null},""b"":{""entry"":""Andrew Saghian"",""win"":null},""pick"":""b""},{""a"":{""entry"":""Sean (Citizen Toxxie)"",""win"":null},""b"":{""entry"":""Austin"",""win"":null},""pick"":""b""},{""a"":{""entry"":""Andrew"",""win"":null},""b"":{""entry"":""Will"",""win"":null},""pick"":""a""},{""a"":{""entry"":""Scott"",""win"":null},""b"":{""entry"":""Hank"",""win"":null},""pick"":""a""},{""a"":{""entry"":null,""win"":null},""b"":{""entry"":""Holland"",""win"":null},""pick"":""b""},{""a"":{""entry"":""Denver"",""win"":null},""b"":{""entry"":null,""win"":null},""pick"":""a""},{""a"":{""entry"":""Zach Smith"",""win"":null},""b"":{""entry"":""Will Gooner"",""win"":null},""pick"":""b""}],[{""a"":{""entry"":""Josh"",""pick"":null},""b"":{""entry"":""Dan"",""pick"":null},""pick"":""b""},{""a"":{""entry"":""Allen"",""pick"":null},""b"":{""entry"":""Zack"",""pick"":null},""pick"":""a""},{""a"":{""entry"":""Matt"",""pick"":null},""b"":{""entry"":""Jake Larsen"",""pick"":null},""pick"":""a""},{""a"":{""entry"":""Nick"",""pick"":null},""b"":{""entry"":""Lorrin"",""pick"":null},""pick"":""a""},{""a"":{""entry"":""Jimmy"",""pick"":null},""b"":{""entry"":""Andrew Saghian"",""pick"":null},""pick"":""b""},{""a"":{""entry"":""Austin"",""pick"":null},""b"":{""entry"":""Andrew"",""pick"":null},""pick"":""a""},{""a"":{""entry"":""Scott"",""pick"":null},""b"":{""entry"":""Holland"",""pick"":null},""pick"":""b""},{""a"":{""entry"":""Denver"",""pick"":null},""b"":{""entry"":""Will Gooner"",""pick"":null},""pick"":""b""}],[{""a"":{""entry"":""Dan"",""pick"":null},""b"":{""entry"":""Allen"",""pick"":null},""pick"":""a""},{""a"":{""entry"":""Matt"",""pick"":null},""b"":{""entry"":""Nick"",""pick"":null},""pick"":""a""},{""a"":{""entry"":""Andrew Saghian"",""pick"":null},""b"":{""entry"":""Austin"",""pick"":null},""pick"":""b""},{""a"":{""entry"":""Holland"",""pick"":null},""b"":{""entry"":""Will Gooner"",""pick"":null},""pick"":""b""}],[{""a"":{""entry"":""Dan"",""pick"":null},""b"":{""entry"":""Matt"",""pick"":null},""pick"":""b""},{""a"":{""entry"":""Austin"",""pick"":null},""b"":{""entry"":""Will Gooner"",""pick"":null},""pick"":""a""}],[{""a"":{""entry"":""Matt"",""pick"":null},""b"":{""entry"":""Austin"",""pick"":null},""pick"":""b""}],[{""a"":{""entry"":""Austin"",""pick"":null},""pick"":null}]]","[""Austin"",""Matt"",""Dan"",""Will Gooner"",""Allen"",""Nick"",""Andrew Saghian"",""Holland"",""Josh"",""Zack"",""Jake Larsen"",""Lorrin"",""Jimmy"",""Andrew"",""Scott"",""Denver"",""Austin Brown"",""Chris"",""Vic"",""Ellis Weiner"",""Sean (Citizen Toxxie)"",""Will"",""Hank"",""Zach Smith""]","{""Josh"":2,""Austin Brown"":1,""Dan"":8,""Allen"":4,""Chris"":1,""Zack"":2,""Matt"":16,""Vic"":1,""Jake Larsen"":2,""Nick"":4,""Lorrin"":2,""Jimmy"":2,""Ellis Weiner"":1,""Andrew Saghian"":4,""Sean (Citizen Toxxie)"":1,""Austin"":32,""Andrew"":2,""Will"":1,""Scott"":2,""Hank"":1,""Holland"":4,""Denver"":2,""Zach Smith"":1,""Will Gooner"":8}",11/13/2025 14:42:56
0QH1H,d03c0538-bd5c-4fe9-bdf5-6bca23d5cb59,"[[{""a"":{""entry"":""who are you and where were you on 9/11"",""win"":null},""b"":{""entry"":null,""win"":null},""pick"":""a""},{""a"":{""entry"":""george bush is my father"",""win"":null},""b"":{""entry"":""is my stromboli over salted?"",""win"":null},""pick"":""b""},{""a"":{""entry"":""i am stuffed, I simply cannot have any more dole whip"",""win"":null},""b"":{""entry"":null,""win"":null},""pick"":""a""},{""a"":{""entry"":""kobeeeeeeee"",""win"":null},""b"":{""entry"":null,""win"":null},""pick"":""a""},{""a"":{""entry"":null,""win"":null},""b"":{""entry"":""downey extra soft all the way"",""win"":null},""pick"":""b""},{""a"":{""entry"":""i'm an electrician, let me see those wires"",""win"":null},""b"":{""entry"":""you're under arrest"",""win"":null},""pick"":""b""},{""a"":{""entry"":""denver is the source"",""win"":null},""b"":{""entry"":""i asked the pope and he said you're wrong"",""win"":null},""pick"":""a""},{""a"":{""entry"":null,""win"":null},""b"":{""entry"":""what brought you to alberta?"",""win"":null},""pick"":""b""},{""a"":{""entry"":""hey"",""win"":null},""b"":{""entry"":null,""win"":null},""pick"":""a""},{""a"":{""entry"":""can you tug on this real quick"",""win"":null},""b"":{""entry"":""fleeting is the aspiration of man"",""win"":null},""pick"":""a""},{""a"":{""entry"":""no"",""win"":null},""b"":{""entry"":""my friend tim said it's okay"",""win"":null},""pick"":""b""},{""a"":{""entry"":""try again"",""win"":null},""b"":{""entry"":""i'm calling my lawyer"",""win"":null},""pick"":""a""},{""a"":{""entry"":null,""win"":null},""b"":{""entry"":""ask me next year Mr rockefeller"",""win"":null},""pick"":""b""},{""a"":{""entry"":""bowling shoes pay for themselves if you go a couple of times"",""win"":null},""b"":{""entry"":""yes"",""win"":null},""pick"":""a""},{""a"":{""entry"":""starships were meant to fly"",""win"":null},""b"":{""entry"":null,""win"":null},""pick"":""a""},{""a"":{""entry"":""why not"",""win"":null},""b"":{""entry"":""call me when you get a brain"",""win"":null},""pick"":""a""}],[{""a"":{""entry"":""who are you and where were you on 9/11"",""pick"":null},""b"":{""entry"":""is my stromboli over salted?"",""pick"":null},""pick"":""a""},{""a"":{""entry"":""i am stuffed, I simply cannot have any more dole whip"",""pick"":null},""b"":{""entry"":""kobeeeeeeee"",""pick"":null},""pick"":""a""},{""a"":{""entry"":""downey extra soft all the way"",""pick"":null},""b"":{""entry"":""you're under arrest"",""pick"":null},""pick"":""b""},{""a"":{""entry"":""denver is the source"",""pick"":null},""b"":{""entry"":""what brought you to alberta?"",""pick"":null},""pick"":""b""},{""a"":{""entry"":""hey"",""pick"":null},""b"":{""entry"":""can you tug on this real quick"",""pick"":null},""pick"":""b""},{""a"":{""entry"":""my friend tim said it's okay"",""pick"":null},""b"":{""entry"":""try again"",""pick"":null},""pick"":""a""},{""a"":{""entry"":""ask me next year Mr rockefeller"",""pick"":null},""b"":{""entry"":""bowling shoes pay for themselves if you go a couple of times"",""pick"":null},""pick"":""b""},{""a"":{""entry"":""starships were meant to fly"",""pick"":null},""b"":{""entry"":""why not"",""pick"":null},""pick"":""b""}],[{""a"":{""entry"":""who are you and where were you on 9/11"",""pick"":null},""b"":{""entry"":""i am stuffed, I simply cannot have any more dole whip"",""pick"":null},""pick"":""b""},{""a"":{""entry"":""you're under arrest"",""pick"":null},""b"":{""entry"":""what brought you to alberta?"",""pick"":null},""pick"":""b""},{""a"":{""entry"":""can you tug on this real quick"",""pick"":null},""b"":{""entry"":""my friend tim said it's okay"",""pick"":null},""pick"":""a""},{""a"":{""entry"":""bowling shoes pay for themselves if you go a couple of times"",""pick"":null},""b"":{""entry"":""why not"",""pick"":null},""pick"":""a""}],[{""a"":{""entry"":""i am stuffed, I simply cannot have any more dole whip"",""pick"":null},""b"":{""entry"":""what brought you to alberta?"",""pick"":null},""pick"":""b""},{""a"":{""entry"":""can you tug on this real quick"",""pick"":null},""b"":{""entry"":""bowling shoes pay for themselves if you go a couple of times"",""pick"":null},""pick"":""b""}],[{""a"":{""entry"":""what brought you to alberta?"",""pick"":null},""b"":{""entry"":""bowling shoes pay for themselves if you go a couple of times"",""pick"":null},""pick"":""b""}],[{""a"":{""entry"":""bowling shoes pay for themselves if you go a couple of times"",""pick"":null},""pick"":null}]]","[""bowling shoes pay for themselves if you go a couple of times"",""what brought you to alberta?"",""i am stuffed, I simply cannot have any more dole whip"",""can you tug on this real quick"",""who are you and where were you on 9/11"",""you're under arrest"",""my friend tim said it's okay"",""why not"",""is my stromboli over salted?"",""kobeeeeeeee"",""downey extra soft all the way"",""denver is the source"",""hey"",""try again"",""ask me next year Mr rockefeller"",""starships were meant to fly"",""george bush is my father"",""i'm an electrician, let me see those wires"",""i asked the pope and he said you're wrong"",""fleeting is the aspiration of man"",""no"",""i'm calling my lawyer"",""yes"",""call me when you get a brain""]","{""who are you and where were you on 9/11"":4,""george bush is my father"":1,""is my stromboli over salted?"":2,""i am stuffed, I simply cannot have any more dole whip"":8,""kobeeeeeeee"":2,""downey extra soft all the way"":2,""i'm an electrician, let me see those wires"":1,""you're under arrest"":4,""denver is the source"":2,""i asked the pope and he said you're wrong"":1,""what brought you to alberta?"":16,""hey"":2,""can you tug on this real quick"":8,""fleeting is the aspiration of man"":1,""no"":1,""my friend tim said it's okay"":4,""try again"":2,""i'm calling my lawyer"":1,""ask me next year Mr rockefeller"":2,""bowling shoes pay for themselves if you go a couple of times"":32,""yes"":1,""starships were meant to fly"":2,""why not"":4,""call me when you get a brain"":1}",11/13/2025 14:43:33
0UWVM,cb902c52-006e-40f0-b3cc-9f09994a4329,"[[{""a"":{""entry"":""japanese"",""win"":null},""b"":{""entry"":""canadian"",""win"":null},""pick"":""a""},{""a"":{""entry"":""kenyan"",""win"":null},""b"":{""entry"":""egyptian"",""win"":null},""pick"":""b""},{""a"":{""entry"":null,""win"":null},""b"":{""entry"":""floridian"",""win"":null},""pick"":""b""},{""a"":{""entry"":null,""win"":null},""b"":{""entry"":""german"",""win"":null},""pick"":""b""},{""a"":{""entry"":""irish"",""win"":null},""b"":{""entry"":null,""win"":null},""pick"":""a""},{""a"":{""entry"":""swedish"",""win"":null},""b"":{""entry"":""mexican"",""win"":null},""pick"":""b""},{""a"":{""entry"":""italian"",""win"":null},""b"":{""entry"":null,""win"":null},""pick"":""a""},{""a"":{""entry"":""filipino"",""win"":null},""b"":{""entry"":""guatemalan"",""win"":null},""pick"":""a""},{""a"":{""entry"":""english"",""win"":null},""b"":{""entry"":""taiwanese"",""win"":null},""pick"":""a""},{""a"":{""entry"":""russian"",""win"":null},""b"":{""entry"":""ethiopian"",""win"":null},""pick"":""b""},{""a"":{""entry"":""american"",""win"":null},""b"":{""entry"":""french"",""win"":null},""pick"":""b""},{""a"":{""entry"":""argentenian"",""win"":null},""b"":{""entry"":""south african"",""win"":null},""pick"":""a""},{""a"":{""entry"":""laotian"",""win"":null},""b"":{""entry"":""indian"",""win"":null},""pick"":""b""},{""a"":{""entry"":""armenian"",""win"":null},""b"":{""entry"":""chinese"",""win"":null},""pick"":""a""},{""a"":{""entry"":""colombian"",""win"":null},""b"":{""entry"":""norweigan"",""win"":null},""pick"":""b""},{""a"":{""entry"":""australian"",""win"":null},""b"":{""entry"":""swiss"",""win"":null},""pick"":""b""}],[{""a"":{""entry"":""japanese"",""pick"":null},""b"":{""entry"":""egyptian"",""pick"":null},""pick"":""a""},{""a"":{""entry"":""floridian"",""pick"":null},""b"":{""entry"":""german"",""pick"":null},""pick"":""a""},{""a"":{""entry"":""irish"",""pick"":null},""b"":{""entry"":""mexican"",""pick"":null},""pick"":""b""},{""a"":{""entry"":""italian"",""pick"":null},""b"":{""entry"":""filipino"",""pick"":null},""pick"":""a""},{""a"":{""entry"":""english"",""pick"":null},""b"":{""entry"":""ethiopian"",""pick"":null},""pick"":""a""},{""a"":{""entry"":""french"",""pick"":null},""b"":{""entry"":""argentenian"",""pick"":null},""pick"":""a""},{""a"":{""entry"":""indian"",""pick"":null},""b"":{""entry"":""armenian"",""pick"":null},""pick"":""b""},{""a"":{""entry"":""norweigan"",""pick"":null},""b"":{""entry"":""swiss"",""pick"":null},""pick"":""b""}],[{""a"":{""entry"":""japanese"",""pick"":null},""b"":{""entry"":""floridian"",""pick"":null},""pick"":""a""},{""a"":{""entry"":""mexican"",""pick"":null},""b"":{""entry"":""italian"",""pick"":null},""pick"":""b""},{""a"":{""entry"":""english"",""pick"":null},""b"":{""entry"":""french"",""pick"":null},""pick"":""b""},{""a"":{""entry"":""armenian"",""pick"":null},""b"":{""entry"":""swiss"",""pick"":null},""pick"":""a""}],[{""a"":{""entry"":""japanese"",""pick"":null},""b"":{""entry"":""italian"",""pick"":null},""pick"":""a""},{""a"":{""entry"":""french"",""pick"":null},""b"":{""entry"":""armenian"",""pick"":null},""pick"":""a""}],[{""a"":{""entry"":""japanese"",""pick"":null},""b"":{""entry"":""french"",""pick"":null},""pick"":""a""}],[{""a"":{""entry"":""japanese"",""pick"":null},""pick"":null}]]","[""japanese"",""french"",""italian"",""armenian"",""floridian"",""mexican"",""english"",""swiss"",""egyptian"",""german"",""irish"",""filipino"",""ethiopian"",""argentenian"",""indian"",""norweigan"",""canadian"",""kenyan"",""swedish"",""guatemalan"",""taiwanese"",""russian"",""american"",""south african"",""laotian"",""chinese"",""colombian"",""australian""]","{""japanese"":32,""canadian"":1,""kenyan"":1,""egyptian"":2,""floridian"":4,""german"":2,""irish"":2,""swedish"":1,""mexican"":4,""italian"":8,""filipino"":2,""guatemalan"":1,""english"":4,""taiwanese"":1,""russian"":1,""ethiopian"":2,""american"":1,""french"":16,""argentenian"":2,""south african"":1,""laotian"":1,""indian"":2,""armenian"":8,""chinese"":1,""colombian"":1,""norweigan"":2,""australian"":1,""swiss"":4}",11/13/2025 14:44:25
0UWVM,66d7713f-8545-4456-bb41-3141409a5c29,"[[{""a"":{""entry"":""japanese"",""win"":null},""b"":{""entry"":""canadian"",""win"":null},""pick"":""a""},{""a"":{""entry"":""kenyan"",""win"":null},""b"":{""entry"":""egyptian"",""win"":null},""pick"":""b""},{""a"":{""entry"":null,""win"":null},""b"":{""entry"":""floridian"",""win"":null},""pick"":""b""},{""a"":{""entry"":null,""win"":null},""b"":{""entry"":""german"",""win"":null},""pick"":""b""},{""a"":{""entry"":""irish"",""win"":null},""b"":{""entry"":null,""win"":null},""pick"":""a""},{""a"":{""entry"":""swedish"",""win"":null},""b"":{""entry"":""mexican"",""win"":null},""pick"":""b""},{""a"":{""entry"":""italian"",""win"":null},""b"":{""entry"":null,""win"":null},""pick"":""a""},{""a"":{""entry"":""filipino"",""win"":null},""b"":{""entry"":""guatemalan"",""win"":null},""pick"":""a""},{""a"":{""entry"":""english"",""win"":null},""b"":{""entry"":""taiwanese"",""win"":null},""pick"":""b""},{""a"":{""entry"":""russian"",""win"":null},""b"":{""entry"":""ethiopian"",""win"":null},""pick"":""b""},{""a"":{""entry"":""american"",""win"":null},""b"":{""entry"":""french"",""win"":null},""pick"":""b""},{""a"":{""entry"":""argentenian"",""win"":null},""b"":{""entry"":""south african"",""win"":null},""pick"":""a""},{""a"":{""entry"":""laotian"",""win"":null},""b"":{""entry"":""indian"",""win"":null},""pick"":""b""},{""a"":{""entry"":""armenian"",""win"":null},""b"":{""entry"":""chinese"",""win"":null},""pick"":""b""},{""a"":{""entry"":""colombian"",""win"":null},""b"":{""entry"":""norweigan"",""win"":null},""pick"":""a""},{""a"":{""entry"":""australian"",""win"":null},""b"":{""entry"":""swiss"",""win"":null},""pick"":""b""}],[{""a"":{""entry"":""japanese"",""pick"":null},""b"":{""entry"":""egyptian"",""pick"":null},""pick"":""a""},{""a"":{""entry"":""floridian"",""pick"":null},""b"":{""entry"":""german"",""pick"":null},""pick"":""b""},{""a"":{""entry"":""irish"",""pick"":null},""b"":{""entry"":""mexican"",""pick"":null},""pick"":""b""},{""a"":{""entry"":""italian"",""pick"":null},""b"":{""entry"":""filipino"",""pick"":null},""pick"":""a""},{""a"":{""entry"":""taiwanese"",""pick"":null},""b"":{""entry"":""ethiopian"",""pick"":null},""pick"":""b""},{""a"":{""entry"":""french"",""pick"":null},""b"":{""entry"":""argentenian"",""pick"":null},""pick"":""a""},{""a"":{""entry"":""indian"",""pick"":null},""b"":{""entry"":""chinese"",""pick"":null},""pick"":""a""},{""a"":{""entry"":""colombian"",""pick"":null},""b"":{""entry"":""swiss"",""pick"":null},""pick"":""a""}],[{""a"":{""entry"":""japanese"",""pick"":null},""b"":{""entry"":""german"",""pick"":null},""pick"":""a""},{""a"":{""entry"":""mexican"",""pick"":null},""b"":{""entry"":""italian"",""pick"":null},""pick"":""b""},{""a"":{""entry"":""ethiopian"",""pick"":null},""b"":{""entry"":""french"",""pick"":null},""pick"":""b""},{""a"":{""entry"":""indian"",""pick"":null},""b"":{""entry"":""colombian"",""pick"":null},""pick"":""a""}],[{""a"":{""entry"":""japanese"",""pick"":null},""b"":{""entry"":""italian"",""pick"":null},""pick"":""b""},{""a"":{""entry"":""french"",""pick"":null},""b"":{""entry"":""indian"",""pick"":null},""pick"":""b""}],[{""a"":{""entry"":""italian"",""pick"":null},""b"":{""entry"":""indian"",""pick"":null},""pick"":""b""}],[{""a"":{""entry"":""indian"",""pick"":null},""pick"":null}]]","[""indian"",""italian"",""japanese"",""french"",""german"",""mexican"",""ethiopian"",""colombian"",""egyptian"",""floridian"",""irish"",""filipino"",""taiwanese"",""argentenian"",""chinese"",""swiss"",""canadian"",""kenyan"",""swedish"",""guatemalan"",""english"",""russian"",""american"",""south african"",""laotian"",""armenian"",""norweigan"",""australian""]","{""japanese"":8,""canadian"":1,""kenyan"":1,""egyptian"":2,""floridian"":2,""german"":4,""irish"":2,""swedish"":1,""mexican"":4,""italian"":16,""filipino"":2,""guatemalan"":1,""english"":1,""taiwanese"":2,""russian"":1,""ethiopian"":4,""american"":1,""french"":8,""argentenian"":2,""south african"":1,""laotian"":1,""indian"":32,""armenian"":1,""chinese"":2,""colombian"":4,""norweigan"":1,""australian"":1,""swiss"":2}",11/13/2025 14:46:33
0QH1H,784b0a5d-9e47-4141-8b13-035b7315a06a,"[[{""a"":{""entry"":""who are you and where were you on 9/11"",""win"":null},""b"":{""entry"":null,""win"":null},""pick"":""a""},{""a"":{""entry"":""george bush is my father"",""win"":null},""b"":{""entry"":""is my stromboli over salted?"",""win"":null},""pick"":""a""},{""a"":{""entry"":""i am stuffed, I simply cannot have any more dole whip"",""win"":null},""b"":{""entry"":null,""win"":null},""pick"":""a""},{""a"":{""entry"":""kobeeeeeeee"",""win"":null},""b"":{""entry"":null,""win"":null},""pick"":""a""},{""a"":{""entry"":null,""win"":null},""b"":{""entry"":""downey extra soft all the way"",""win"":null},""pick"":""b""},{""a"":{""entry"":""i'm an electrician, let me see those wires"",""win"":null},""b"":{""entry"":""you're under arrest"",""win"":null},""pick"":""a""},{""a"":{""entry"":""denver is the source"",""win"":null},""b"":{""entry"":""i asked the pope and he said you're wrong"",""win"":null},""pick"":""b""},{""a"":{""entry"":null,""win"":null},""b"":{""entry"":""what brought you to alberta?"",""win"":null},""pick"":""b""},{""a"":{""entry"":""hey"",""win"":null},""b"":{""entry"":null,""win"":null},""pick"":""a""},{""a"":{""entry"":""can you tug on this real quick"",""win"":null},""b"":{""entry"":""fleeting is the aspiration of man"",""win"":null},""pick"":""b""},{""a"":{""entry"":""no"",""win"":null},""b"":{""entry"":""my friend tim said it's okay"",""win"":null},""pick"":""b""},{""a"":{""entry"":""try again"",""win"":null},""b"":{""entry"":""i'm calling my lawyer"",""win"":null},""pick"":""b""},{""a"":{""entry"":null,""win"":null},""b"":{""entry"":""ask me next year Mr rockefeller"",""win"":null},""pick"":""b""},{""a"":{""entry"":""bowling shoes pay for themselves if you go a couple of times"",""win"":null},""b"":{""entry"":""yes"",""win"":null},""pick"":""a""},{""a"":{""entry"":""starships were meant to fly"",""win"":null},""b"":{""entry"":null,""win"":null},""pick"":""a""},{""a"":{""entry"":""why not"",""win"":null},""b"":{""entry"":""call me when you get a brain"",""win"":null},""pick"":""b""}],[{""a"":{""entry"":""who are you and where were you on 9/11"",""pick"":null},""b"":{""entry"":""george bush is my father"",""pick"":null},""pick"":""b""},{""a"":{""entry"":""i am stuffed, I simply cannot have any more dole whip"",""pick"":null},""b"":{""entry"":""kobeeeeeeee"",""pick"":null},""pick"":""a""},{""a"":{""entry"":""downey extra soft all the way"",""pick"":null},""b"":{""entry"":""i'm an electrician, let me see those wires"",""pick"":null},""pick"":""b""},{""a"":{""entry"":""i asked the pope and he said you're wrong"",""pick"":null},""b"":{""entry"":""what brought you to alberta?"",""pick"":null},""pick"":""a""},{""a"":{""entry"":""hey"",""pick"":null},""b"":{""entry"":""fleeting is the aspiration of man"",""pick"":null},""pick"":""b""},{""a"":{""entry"":""my friend tim said it's okay"",""pick"":null},""b"":{""entry"":""i'm calling my lawyer"",""pick"":null},""pick"":""b""},{""a"":{""entry"":""ask me next year Mr rockefeller"",""pick"":null},""b"":{""entry"":""bowling shoes pay for themselves if you go a couple of times"",""pick"":null},""pick"":""b""},{""a"":{""entry"":""starships were meant to fly"",""pick"":null},""b"":{""entry"":""call me when you get a brain"",""pick"":null},""pick"":""b""}],[{""a"":{""entry"":""george bush is my father"",""pick"":null},""b"":{""entry"":""i am stuffed, I simply cannot have any more dole whip"",""pick"":null},""pick"":""b""},{""a"":{""entry"":""i'm an electrician, let me see those wires"",""pick"":null},""b"":{""entry"":""i asked the pope and he said you're wrong"",""pick"":null},""pick"":""a""},{""a"":{""entry"":""fleeting is the aspiration of man"",""pick"":null},""b"":{""entry"":""i'm calling my lawyer"",""pick"":null},""pick"":""b""},{""a"":{""entry"":""bowling shoes pay for themselves if you go a couple of times"",""pick"":null},""b"":{""entry"":""call me when you get a brain"",""pick"":null},""pick"":""a""}],[{""a"":{""entry"":""i am stuffed, I simply cannot have any more dole whip"",""pick"":null},""b"":{""entry"":""i'm an electrician, let me see those wires"",""pick"":null},""pick"":""b""},{""a"":{""entry"":""i'm calling my lawyer"",""pick"":null},""b"":{""entry"":""bowling shoes pay for themselves if you go a couple of times"",""pick"":null},""pick"":""b""}],[{""a"":{""entry"":""i'm an electrician, let me see those wires"",""pick"":null},""b"":{""entry"":""bowling shoes pay for themselves if you go a couple of times"",""pick"":null},""pick"":""b""}],[{""a"":{""entry"":""bowling shoes pay for themselves if you go a couple of times"",""pick"":null},""pick"":null}]]","[""bowling shoes pay for themselves if you go a couple of times"",""i'm an electrician, let me see those wires"",""i am stuffed, I simply cannot have any more dole whip"",""i'm calling my lawyer"",""george bush is my father"",""i asked the pope and he said you're wrong"",""fleeting is the aspiration of man"",""call me when you get a brain"",""who are you and where were you on 9/11"",""kobeeeeeeee"",""downey extra soft all the way"",""what brought you to alberta?"",""hey"",""my friend tim said it's okay"",""ask me next year Mr rockefeller"",""starships were meant to fly"",""is my stromboli over salted?"",""you're under arrest"",""denver is the source"",""can you tug on this real quick"",""no"",""try again"",""yes"",""why not""]","{""who are you and where were you on 9/11"":2,""george bush is my father"":4,""is my stromboli over salted?"":1,""i am stuffed, I simply cannot have any more dole whip"":8,""kobeeeeeeee"":2,""downey extra soft all the way"":2,""i'm an electrician, let me see those wires"":16,""you're under arrest"":1,""denver is the source"":1,""i asked the pope and he said you're wrong"":4,""what brought you to alberta?"":2,""hey"":2,""can you tug on this real quick"":1,""fleeting is the aspiration of man"":4,""no"":1,""my friend tim said it's okay"":2,""try again"":1,""i'm calling my lawyer"":8,""ask me next year Mr rockefeller"":2,""bowling shoes pay for themselves if you go a couple of times"":32,""yes"":1,""starships were meant to fly"":2,""why not"":1,""call me when you get a brain"":4}",11/13/2025 16:36:46
0UWVM,c5981ac8-4dd9-4bb3-9271-868b6b294ef2,"[[{""a"":{""entry"":""taiwanese"",""win"":null},""b"":{""entry"":null,""win"":null},""pick"":""a""},{""a"":{""entry"":""egyptian"",""win"":null},""b"":{""entry"":""japanese"",""win"":null},""pick"":""a""},{""a"":{""entry"":""german"",""win"":null},""b"":{""entry"":""armenian"",""win"":null},""pick"":""a""},{""a"":{""entry"":null,""win"":null},""b"":{""entry"":""laotian"",""win"":null},""pick"":""b""},{""a"":{""entry"":""american"",""win"":null},""b"":{""entry"":""mexican"",""win"":null},""pick"":""a""},{""a"":{""entry"":""argentenian"",""win"":null},""b"":{""entry"":""colombian"",""win"":null},""pick"":""a""},{""a"":{""entry"":""ethiopian"",""win"":null},""b"":{""entry"":""chinese"",""win"":null},""pick"":""a""},{""a"":{""entry"":null,""win"":null},""b"":{""entry"":""indian"",""win"":null},""pick"":""b""},{""a"":{""entry"":""english"",""win"":null},""b"":{""entry"":""irish"",""win"":null},""pick"":""a""},{""a"":{""entry"":""swiss"",""win"":null},""b"":{""entry"":""south african"",""win"":null},""pick"":""a""},{""a"":{""entry"":""french"",""win"":null},""b"":{""entry"":""russian"",""win"":null},""pick"":""a""},{""a"":{""entry"":""guatemalan"",""win"":null},""b"":{""entry"":null,""win"":null},""pick"":""a""},{""a"":{""entry"":""floridian"",""win"":null},""b"":{""entry"":""canadian"",""win"":null},""pick"":""a""},{""a"":{""entry"":""filipino"",""win"":null},""b"":{""entry"":""kenyan"",""win"":null},""pick"":""a""},{""a"":{""entry"":""swedish"",""win"":null},""b"":{""entry"":""australian"",""win"":null},""pick"":""a""},{""a"":{""entry"":""norweigan"",""win"":null},""b"":{""entry"":""italian"",""win"":null},""pick"":""a""}],[{""a"":{""entry"":""taiwanese"",""pick"":null},""b"":{""entry"":""egyptian"",""pick"":null},""pick"":""a""},{""a"":{""entry"":""german"",""pick"":null},""b"":{""entry"":""laotian"",""pick"":null},""pick"":""a""},{""a"":{""entry"":""american"",""pick"":null},""b"":{""entry"":""argentenian"",""pick"":null},""pick"":""a""},{""a"":{""entry"":""ethiopian"",""pick"":null},""b"":{""entry"":""indian"",""pick"":null},""pick"":""a""},{""a"":{""entry"":""english"",""pick"":null},""b"":{""entry"":""swiss"",""pick"":null},""pick"":""a""},{""a"":{""entry"":""french"",""pick"":null},""b"":{""entry"":""guatemalan"",""pick"":null},""pick"":""b""},{""a"":{""entry"":""floridian"",""pick"":null},""b"":{""entry"":""filipino"",""pick"":null},""pick"":""a""},{""a"":{""entry"":""swedish"",""pick"":null},""b"":{""entry"":""norweigan"",""pick"":null},""pick"":""a""}],[{""a"":{""entry"":""taiwanese"",""pick"":null},""b"":{""entry"":""german"",""pick"":null},""pick"":""a""},{""a"":{""entry"":""american"",""pick"":null},""b"":{""entry"":""ethiopian"",""pick"":null},""pick"":""a""},{""a"":{""entry"":""english"",""pick"":null},""b"":{""entry"":""guatemalan"",""pick"":null},""pick"":""a""},{""a"":{""entry"":""floridian"",""pick"":null},""b"":{""entry"":""swedish"",""pick"":null},""pick"":""a""}],[{""a"":{""entry"":""taiwanese"",""pick"":null},""b"":{""entry"":""american"",""pick"":null},""pick"":""a""},{""a"":{""entry"":""english"",""pick"":null},""b"":{""entry"":""floridian"",""pick"":null},""pick"":""b""}],[{""a"":{""entry"":""taiwanese"",""pick"":null},""b"":{""entry"":""floridian"",""pick"":null},""pick"":""b""}],[{""a"":{""entry"":""floridian"",""pick"":null},""pick"":null}]]","[""floridian"",""taiwanese"",""american"",""english"",""german"",""ethiopian"",""guatemalan"",""swedish"",""egyptian"",""laotian"",""argentenian"",""indian"",""swiss"",""french"",""filipino"",""norweigan"",""japanese"",""armenian"",""mexican"",""colombian"",""chinese"",""irish"",""south african"",""russian"",""canadian"",""kenyan"",""australian"",""italian""]","{""taiwanese"":16,""egyptian"":2,""japanese"":1,""german"":4,""armenian"":1,""laotian"":2,""american"":8,""mexican"":1,""argentenian"":2,""colombian"":1,""ethiopian"":4,""chinese"":1,""indian"":2,""english"":8,""irish"":1,""swiss"":2,""south african"":1,""french"":2,""russian"":1,""guatemalan"":4,""floridian"":32,""canadian"":1,""filipino"":2,""kenyan"":1,""swedish"":4,""australian"":1,""norweigan"":2,""italian"":1}",11/14/2025 19:09:07
JCZY4,5e2236d6-bd76-469f-b966-35b908f36949,"[[{""a"":{""entry"":""Banana Cream Pie"",""win"":null},""b"":{""entry"":""Chocolate Cream Pie"",""win"":null},""pick"":""a""},{""a"":{""entry"":""Pizza Pie"",""win"":null},""b"":{""entry"":""Frito Pie"",""win"":null},""pick"":""a""},{""a"":{""entry"":""Coconut Cream Pie"",""win"":null},""b"":{""entry"":""Pecan Pie"",""win"":null},""pick"":""b""},{""a"":{""entry"":""Sweet Potato Pie"",""win"":null},""b"":{""entry"":""Mississippi Mud Pie"",""win"":null},""pick"":""a""},{""a"":{""entry"":""Cherry Pie"",""win"":null},""b"":{""entry"":""Cranberry Pie"",""win"":null},""pick"":""a""},{""a"":{""entry"":""Beef Pot Pie"",""win"":null},""b"":{""entry"":""Peach Pie"",""win"":null},""pick"":""b""},{""a"":{""entry"":""Buttermilk Pie"",""win"":null},""b"":{""entry"":""Blueberry Pie"",""win"":null},""pick"":""b""},{""a"":{""entry"":""French Silk Pie"",""win"":null},""b"":{""entry"":""Shepherd’s"",""win"":null},""pick"":""b""},{""a"":{""entry"":""Pumpkin Pie"",""win"":null},""b"":{""entry"":""Rhubarb Pie"",""win"":null},""pick"":""a""},{""a"":{""entry"":""Lemon Meringue Pie"",""win"":null},""b"":{""entry"":""Strawberry Rhubarb Pie"",""win"":null},""pick"":""a""},{""a"":{""entry"":null,""win"":null},""b"":{""entry"":""Cheeseburger Pie"",""win"":null},""pick"":""b""},{""a"":{""entry"":""Icebox Pie"",""win"":null},""b"":{""entry"":""Peanut Butter Pie"",""win"":null},""pick"":""b""},{""a"":{""entry"":""Chicken Pot Pie"",""win"":null},""b"":{""entry"":""Boston Cream Pie"",""win"":null},""pick"":""b""},{""a"":{""entry"":""Custard Pie"",""win"":null},""b"":{""entry"":""Turkey Pot Pie"",""win"":null},""pick"":""a""},{""a"":{""entry"":""Blackberry Pie"",""win"":null},""b"":{""entry"":""Key Lime Pie"",""win"":null},""pick"":""b""},{""a"":{""entry"":""Apple Pie"",""win"":null},""b"":{""entry"":""Mixed Berry Pie"",""win"":null},""pick"":""a""}],[{""a"":{""entry"":""Banana Cream Pie"",""pick"":null},""b"":{""entry"":""Pizza Pie"",""pick"":null},""pick"":""a""},{""a"":{""entry"":""Pecan Pie"",""pick"":null},""b"":{""entry"":""Sweet Potato Pie"",""pick"":null},""pick"":""a""},{""a"":{""entry"":""Cherry Pie"",""pick"":null},""b"":{""entry"":""Peach Pie"",""pick"":null},""pick"":""a""},{""a"":{""entry"":""Blueberry Pie"",""pick"":null},""b"":{""entry"":""Shepherd’s"",""pick"":null},""pick"":""a""},{""a"":{""entry"":""Pumpkin Pie"",""pick"":null},""b"":{""entry"":""Lemon Meringue Pie"",""pick"":null},""pick"":""a""},{""a"":{""entry"":""Cheeseburger Pie"",""pick"":null},""b"":{""entry"":""Peanut Butter Pie"",""pick"":null},""pick"":""b""},{""a"":{""entry"":""Boston Cream Pie"",""pick"":null},""b"":{""entry"":""Custard Pie"",""pick"":null},""pick"":""a""},{""a"":{""entry"":""Key Lime Pie"",""pick"":null},""b"":{""entry"":""Apple Pie"",""pick"":null},""pick"":""b""}],[{""a"":{""entry"":""Banana Cream Pie"",""pick"":null},""b"":{""entry"":""Pecan Pie"",""pick"":null},""pick"":""b""},{""a"":{""entry"":""Cherry Pie"",""pick"":null},""b"":{""entry"":""Blueberry Pie"",""pick"":null},""pick"":""b""},{""a"":{""entry"":""Pumpkin Pie"",""pick"":null},""b"":{""entry"":""Peanut Butter Pie"",""pick"":null},""pick"":""a""},{""a"":{""entry"":""Boston Cream Pie"",""pick"":null},""b"":{""entry"":""Apple Pie"",""pick"":null},""pick"":""b""}],[{""a"":{""entry"":""Pecan Pie"",""pick"":null},""b"":{""entry"":""Blueberry Pie"",""pick"":null},""pick"":""b""},{""a"":{""entry"":""Pumpkin Pie"",""pick"":null},""b"":{""entry"":""Apple Pie"",""pick"":null},""pick"":""b""}],[{""a"":{""entry"":""Blueberry Pie"",""pick"":null},""b"":{""entry"":""Apple Pie"",""pick"":null},""pick"":""a""}],[{""a"":{""entry"":""Blueberry Pie"",""pick"":null},""pick"":null}]]","[""Blueberry Pie"",""Apple Pie"",""Pecan Pie"",""Pumpkin Pie"",""Banana Cream Pie"",""Cherry Pie"",""Peanut Butter Pie"",""Boston Cream Pie"",""Pizza Pie"",""Sweet Potato Pie"",""Peach Pie"",""Shepherd’s"",""Lemon Meringue Pie"",""Cheeseburger Pie"",""Custard Pie"",""Key Lime Pie"",""Chocolate Cream Pie"",""Frito Pie"",""Coconut Cream Pie"",""Mississippi Mud Pie"",""Cranberry Pie"",""Beef Pot Pie"",""Buttermilk Pie"",""French Silk Pie"",""Rhubarb Pie"",""Strawberry Rhubarb Pie"",""Icebox Pie"",""Chicken Pot Pie"",""Turkey Pot Pie"",""Blackberry Pie"",""Mixed Berry Pie""]","{""Banana Cream Pie"":4,""Chocolate Cream Pie"":1,""Pizza Pie"":2,""Frito Pie"":1,""Coconut Cream Pie"":1,""Pecan Pie"":8,""Sweet Potato Pie"":2,""Mississippi Mud Pie"":1,""Cherry Pie"":4,""Cranberry Pie"":1,""Beef Pot Pie"":1,""Peach Pie"":2,""Buttermilk Pie"":1,""Blueberry Pie"":32,""French Silk Pie"":1,""Shepherd’s"":2,""Pumpkin Pie"":8,""Rhubarb Pie"":1,""Lemon Meringue Pie"":2,""Strawberry Rhubarb Pie"":1,""Cheeseburger Pie"":2,""Icebox Pie"":1,""Peanut Butter Pie"":4,""Chicken Pot Pie"":1,""Boston Cream Pie"":4,""Custard Pie"":2,""Turkey Pot Pie"":1,""Blackberry Pie"":1,""Key Lime Pie"":2,""Apple Pie"":16,""Mixed Berry Pie"":1}",12/1/2025 15:40:13
JCZY4,8655d637-365b-42c7-afde-c6b856f86236,"[[{""a"":{""entry"":""Pumpkin Pie"",""win"":null},""b"":{""entry"":""Buttermilk Pie"",""win"":null},""pick"":""a""},{""a"":{""entry"":null,""win"":null},""b"":{""entry"":""Key Lime Pie"",""win"":null},""pick"":""b""},{""a"":{""entry"":""Peanut Butter Pie"",""win"":null},""b"":{""entry"":""Apple Pie"",""win"":null},""pick"":""a""},{""a"":{""entry"":""Sweet Potato Pie"",""win"":null},""b"":{""entry"":""Frito Pie"",""win"":null},""pick"":""a""},{""a"":{""entry"":""Banana Cream Pie"",""win"":null},""b"":{""entry"":""Custard Pie"",""win"":null},""pick"":""b""},{""a"":{""entry"":""Blackberry Pie"",""win"":null},""b"":{""entry"":""Icebox Pie"",""win"":null},""pick"":""a""},{""a"":{""entry"":""Chicken Pot Pie"",""win"":null},""b"":{""entry"":""Shepherd’s"",""win"":null},""pick"":""a""},{""a"":{""entry"":""Turkey Pot Pie"",""win"":null},""b"":{""entry"":""Blueberry Pie"",""win"":null},""pick"":""a""},{""a"":{""entry"":""Peach Pie"",""win"":null},""b"":{""entry"":""Lemon Meringue Pie"",""win"":null},""pick"":""b""},{""a"":{""entry"":""Beef Pot Pie"",""win"":null},""b"":{""entry"":""Boston Cream Pie"",""win"":null},""pick"":""a""},{""a"":{""entry"":""Pizza Pie"",""win"":null},""b"":{""entry"":""Coconut Cream Pie"",""win"":null},""pick"":""a""},{""a"":{""entry"":""Mixed Berry Pie"",""win"":null},""b"":{""entry"":""French Silk Pie"",""win"":null},""pick"":""b""},{""a"":{""entry"":""Cheeseburger Pie"",""win"":null},""b"":{""entry"":""Cranberry Pie"",""win"":null},""pick"":""a""},{""a"":{""entry"":""Mississippi Mud Pie"",""win"":null},""b"":{""entry"":""Chocolate Cream Pie"",""win"":null},""pick"":""b""},{""a"":{""entry"":""Pecan Pie"",""win"":null},""b"":{""entry"":""Cherry Pie"",""win"":null},""pick"":""a""},{""a"":{""entry"":""Strawberry Rhubarb Pie"",""win"":null},""b"":{""entry"":""Rhubarb Pie"",""win"":null},""pick"":""a""}],[{""a"":{""entry"":""Pumpkin Pie"",""pick"":null},""b"":{""entry"":""Key Lime Pie"",""pick"":null},""pick"":""a""},{""a"":{""entry"":""Peanut Butter Pie"",""pick"":null},""b"":{""entry"":""Sweet Potato Pie"",""pick"":null},""pick"":""a""},{""a"":{""entry"":""Custard Pie"",""pick"":null},""b"":{""entry"":""Blackberry Pie"",""pick"":null},""pick"":""b""},{""a"":{""entry"":""Chicken Pot Pie"",""pick"":null},""b"":{""entry"":""Turkey Pot Pie"",""pick"":null},""pick"":""a""},{""a"":{""entry"":""Lemon Meringue Pie"",""pick"":null},""b"":{""entry"":""Beef Pot Pie"",""pick"":null},""pick"":""b""},{""a"":{""entry"":""Pizza Pie"",""pick"":null},""b"":{""entry"":""French Silk Pie"",""pick"":null},""pick"":""a""},{""a"":{""entry"":""Cheeseburger Pie"",""pick"":null},""b"":{""entry"":""Chocolate Cream Pie"",""pick"":null},""pick"":""a""},{""a"":{""entry"":""Pecan Pie"",""pick"":null},""b"":{""entry"":""Strawberry Rhubarb Pie"",""pick"":null},""pick"":""a""}],[{""a"":{""entry"":""Pumpkin Pie"",""pick"":null},""b"":{""entry"":""Peanut Butter Pie"",""pick"":null},""pick"":""a""},{""a"":{""entry"":""Blackberry Pie"",""pick"":null},""b"":{""entry"":""Chicken Pot Pie"",""pick"":null},""pick"":""b""},{""a"":{""entry"":""Beef Pot Pie"",""pick"":null},""b"":{""entry"":""Pizza Pie"",""pick"":null},""pick"":""b""},{""a"":{""entry"":""Cheeseburger Pie"",""pick"":null},""b"":{""entry"":""Pecan Pie"",""pick"":null},""pick"":""b""}],[{""a"":{""entry"":""Pumpkin Pie"",""pick"":null},""b"":{""entry"":""Chicken Pot Pie"",""pick"":null},""pick"":""b""},{""a"":{""entry"":""Pizza Pie"",""pick"":null},""b"":{""entry"":""Pecan Pie"",""pick"":null},""pick"":""b""}],[{""a"":{""entry"":""Chicken Pot Pie"",""pick"":null},""b"":{""entry"":""Pecan Pie"",""pick"":null},""pick"":""a""}],[{""a"":{""entry"":""Chicken Pot Pie"",""pick"":null},""pick"":null}]]","[""Chicken Pot Pie"",""Pecan Pie"",""Pumpkin Pie"",""Pizza Pie"",""Peanut Butter Pie"",""Blackberry Pie"",""Beef Pot Pie"",""Cheeseburger Pie"",""Key Lime Pie"",""Sweet Potato Pie"",""Custard Pie"",""Turkey Pot Pie"",""Lemon Meringue Pie"",""French Silk Pie"",""Chocolate Cream Pie"",""Strawberry Rhubarb Pie"",""Buttermilk Pie"",""Apple Pie"",""Frito Pie"",""Banana Cream Pie"",""Icebox Pie"",""Shepherd’s"",""Blueberry Pie"",""Peach Pie"",""Boston Cream Pie"",""Coconut Cream Pie"",""Mixed Berry Pie"",""Cranberry Pie"",""Mississippi Mud Pie"",""Cherry Pie"",""Rhubarb Pie""]","{""Pumpkin Pie"":8,""Buttermilk Pie"":1,""Key Lime Pie"":2,""Peanut Butter Pie"":4,""Apple Pie"":1,""Sweet Potato Pie"":2,""Frito Pie"":1,""Banana Cream Pie"":1,""Custard Pie"":2,""Blackberry Pie"":4,""Icebox Pie"":1,""Chicken Pot Pie"":32,""Shepherd’s"":1,""Turkey Pot Pie"":2,""Blueberry Pie"":1,""Peach Pie"":1,""Lemon Meringue Pie"":2,""Beef Pot Pie"":4,""Boston Cream Pie"":1,""Pizza Pie"":8,""Coconut Cream Pie"":1,""Mixed Berry Pie"":1,""French Silk Pie"":2,""Cheeseburger Pie"":4,""Cranberry Pie"":1,""Mississippi Mud Pie"":1,""Chocolate Cream Pie"":2,""Pecan Pie"":16,""Cherry Pie"":1,""Strawberry Rhubarb Pie"":2,""Rhubarb Pie"":1}",12/1/2025 15:40:24
JCZY4,efd18733-4f37-4f94-837d-74a211e605d1,"[[{""a"":{""entry"":""Coconut Cream Pie"",""win"":null},""b"":{""entry"":""Cranberry Pie"",""win"":null},""pick"":""a""},{""a"":{""entry"":""Beef Pot Pie"",""win"":null},""b"":{""entry"":""Blackberry Pie"",""win"":null},""pick"":""a""},{""a"":{""entry"":""Rhubarb Pie"",""win"":null},""b"":{""entry"":""Peach Pie"",""win"":null},""pick"":""b""},{""a"":{""entry"":""Key Lime Pie"",""win"":null},""b"":{""entry"":""Boston Cream Pie"",""win"":null},""pick"":""b""},{""a"":{""entry"":""Strawberry Rhubarb Pie"",""win"":null},""b"":{""entry"":""Cherry Pie"",""win"":null},""pick"":""b""},{""a"":{""entry"":""Pecan Pie"",""win"":null},""b"":{""entry"":""Apple Pie"",""win"":null},""pick"":""a""},{""a"":{""entry"":null,""win"":null},""b"":{""entry"":""Turkey Pot Pie"",""win"":null},""pick"":""b""},{""a"":{""entry"":""Chocolate Cream Pie"",""win"":null},""b"":{""entry"":""Sweet Potato Pie"",""win"":null},""pick"":""a""},{""a"":{""entry"":""Custard Pie"",""win"":null},""b"":{""entry"":""Shepherd’s"",""win"":null},""pick"":""b""},{""a"":{""entry"":""Buttermilk Pie"",""win"":null},""b"":{""entry"":""Pumpkin Pie"",""win"":null},""pick"":""b""},{""a"":{""entry"":""Pizza Pie"",""win"":null},""b"":{""entry"":""Lemon Meringue Pie"",""win"":null},""pick"":""a""},{""a"":{""entry"":""Banana Cream Pie"",""win"":null},""b"":{""entry"":""Cheeseburger Pie"",""win"":null},""pick"":""b""},{""a"":{""entry"":""Icebox Pie"",""win"":null},""b"":{""entry"":""Frito Pie"",""win"":null},""pick"":""b""},{""a"":{""entry"":""Mississippi Mud Pie"",""win"":null},""b"":{""entry"":""Mixed Berry Pie"",""win"":null},""pick"":""b""},{""a"":{""entry"":""Peanut Butter Pie"",""win"":null},""b"":{""entry"":""Chicken Pot Pie"",""win"":null},""pick"":""b""},{""a"":{""entry"":""French Silk Pie"",""win"":null},""b"":{""entry"":""Blueberry Pie"",""win"":null},""pick"":""b""}],[{""a"":{""entry"":""Coconut Cream Pie"",""pick"":null},""b"":{""entry"":""Beef Pot Pie"",""pick"":null},""pick"":""b""},{""a"":{""entry"":""Peach Pie"",""pick"":null},""b"":{""entry"":""Boston Cream Pie"",""pick"":null},""pick"":""a""},{""a"":{""entry"":""Cherry Pie"",""pick"":null},""b"":{""entry"":""Pecan Pie"",""pick"":null},""pick"":""b""},{""a"":{""entry"":""Turkey Pot Pie"",""pick"":null},""b"":{""entry"":""Chocolate Cream Pie"",""pick"":null},""pick"":""b""},{""a"":{""entry"":""Shepherd’s"",""pick"":null},""b"":{""entry"":""Pumpkin Pie"",""pick"":null},""pick"":""a""},{""a"":{""entry"":""Pizza Pie"",""pick"":null},""b"":{""entry"":""Cheeseburger Pie"",""pick"":null},""pick"":""a""},{""a"":{""entry"":""Frito Pie"",""pick"":null},""b"":{""entry"":""Mixed Berry Pie"",""pick"":null},""pick"":""b""},{""a"":{""entry"":""Chicken Pot Pie"",""pick"":null},""b"":{""entry"":""Blueberry Pie"",""pick"":null},""pick"":""b""}],[{""a"":{""entry"":""Beef Pot Pie"",""pick"":null},""b"":{""entry"":""Peach Pie"",""pick"":null},""pick"":""b""},{""a"":{""entry"":""Pecan Pie"",""pick"":null},""b"":{""entry"":""Chocolate Cream Pie"",""pick"":null},""pick"":""a""},{""a"":{""entry"":""Shepherd’s"",""pick"":null},""b"":{""entry"":""Pizza Pie"",""pick"":null},""pick"":""a""},{""a"":{""entry"":""Mixed Berry Pie"",""pick"":null},""b"":{""entry"":""Blueberry Pie"",""pick"":null},""pick"":""a""}],[{""a"":{""entry"":""Peach Pie"",""pick"":null},""b"":{""entry"":""Pecan Pie"",""pick"":null},""pick"":""b""},{""a"":{""entry"":""Shepherd’s"",""pick"":null},""b"":{""entry"":""Mixed Berry Pie"",""pick"":null},""pick"":""a""}],[{""a"":{""entry"":""Pecan Pie"",""pick"":null},""b"":{""entry"":""Shepherd’s"",""pick"":null},""pick"":""b""}],[{""a"":{""entry"":""Shepherd’s"",""pick"":null},""pick"":null}]]","[""Shepherd’s"",""Pecan Pie"",""Peach Pie"",""Mixed Berry Pie"",""Beef Pot Pie"",""Chocolate Cream Pie"",""Pizza Pie"",""Blueberry Pie"",""Coconut Cream Pie"",""Boston Cream Pie"",""Cherry Pie"",""Turkey Pot Pie"",""Pumpkin Pie"",""Cheeseburger Pie"",""Frito Pie"",""Chicken Pot Pie"",""Cranberry Pie"",""Blackberry Pie"",""Rhubarb Pie"",""Key Lime Pie"",""Strawberry Rhubarb Pie"",""Apple Pie"",""Sweet Potato Pie"",""Custard Pie"",""Buttermilk Pie"",""Lemon Meringue Pie"",""Banana Cream Pie"",""Icebox Pie"",""Mississippi Mud Pie"",""Peanut Butter Pie"",""French Silk Pie""]","{""Coconut Cream Pie"":2,""Cranberry Pie"":1,""Beef Pot Pie"":4,""Blackberry Pie"":1,""Rhubarb Pie"":1,""Peach Pie"":8,""Key Lime Pie"":1,""Boston Cream Pie"":2,""Strawberry Rhubarb Pie"":1,""Cherry Pie"":2,""Pecan Pie"":16,""Apple Pie"":1,""Turkey Pot Pie"":2,""Chocolate Cream Pie"":4,""Sweet Potato Pie"":1,""Custard Pie"":1,""Shepherd’s"":32,""Buttermilk Pie"":1,""Pumpkin Pie"":2,""Pizza Pie"":4,""Lemon Meringue Pie"":1,""Banana Cream Pie"":1,""Cheeseburger Pie"":2,""Icebox Pie"":1,""Frito Pie"":2,""Mississippi Mud Pie"":1,""Mixed Berry Pie"":8,""Peanut Butter Pie"":1,""Chicken Pot Pie"":2,""French Silk Pie"":1,""Blueberry Pie"":4}",12/1/2025 15:41:31
JCZY4,312685bd-2940-4312-ba7b-47662b8c0db5,"[[{""a"":{""entry"":""Peach Pie"",""win"":null},""b"":{""entry"":""French Silk Pie"",""win"":null},""pick"":""a""},{""a"":{""entry"":""Sweet Potato Pie"",""win"":null},""b"":{""entry"":""Custard Pie"",""win"":null},""pick"":""b""},{""a"":{""entry"":""Pumpkin Pie"",""win"":null},""b"":{""entry"":""Apple Pie"",""win"":null},""pick"":""b""},{""a"":{""entry"":""Mixed Berry Pie"",""win"":null},""b"":{""entry"":""Chocolate Cream Pie"",""win"":null},""pick"":""b""},{""a"":{""entry"":""Shepherd’s"",""win"":null},""b"":{""entry"":""Blueberry Pie"",""win"":null},""pick"":""a""},{""a"":{""entry"":""Rhubarb Pie"",""win"":null},""b"":{""entry"":""Frito Pie"",""win"":null},""pick"":""a""},{""a"":{""entry"":""Mississippi Mud Pie"",""win"":null},""b"":{""entry"":null,""win"":null},""pick"":""a""},{""a"":{""entry"":""Peanut Butter Pie"",""win"":null},""b"":{""entry"":""Blackberry Pie"",""win"":null},""pick"":""b""},{""a"":{""entry"":""Chicken Pot Pie"",""win"":null},""b"":{""entry"":""Cheeseburger Pie"",""win"":null},""pick"":""a""},{""a"":{""entry"":""Boston Cream Pie"",""win"":null},""b"":{""entry"":""Beef Pot Pie"",""win"":null},""pick"":""a""},{""a"":{""entry"":""Turkey Pot Pie"",""win"":null},""b"":{""entry"":""Buttermilk Pie"",""win"":null},""pick"":""a""},{""a"":{""entry"":""Banana Cream Pie"",""win"":null},""b"":{""entry"":""Lemon Meringue Pie"",""win"":null},""pick"":""a""},{""a"":{""entry"":""Coconut Cream Pie"",""win"":null},""b"":{""entry"":""Icebox Pie"",""win"":null},""pick"":""a""},{""a"":{""entry"":""Cherry Pie"",""win"":null},""b"":{""entry"":""Pizza Pie"",""win"":null},""pick"":""a""},{""a"":{""entry"":""Strawberry Rhubarb Pie"",""win"":null},""b"":{""entry"":""Pecan Pie"",""win"":null},""pick"":""b""},{""a"":{""entry"":""Cranberry Pie"",""win"":null},""b"":{""entry"":""Key Lime Pie"",""win"":null},""pick"":""b""}],[{""a"":{""entry"":""Peach Pie"",""pick"":null},""b"":{""entry"":""Custard Pie"",""pick"":null},""pick"":""a""},{""a"":{""entry"":""Apple Pie"",""pick"":null},""b"":{""entry"":""Chocolate Cream Pie"",""pick"":null},""pick"":""a""},{""a"":{""entry"":""Shepherd’s"",""pick"":null},""b"":{""entry"":""Rhubarb Pie"",""pick"":null},""pick"":""a""},{""a"":{""entry"":""Mississippi Mud Pie"",""pick"":null},""b"":{""entry"":""Blackberry Pie"",""pick"":null},""pick"":""b""},{""a"":{""entry"":""Chicken Pot Pie"",""pick"":null},""b"":{""entry"":""Boston Cream Pie"",""pick"":null},""pick"":""a""},{""a"":{""entry"":""Turkey Pot Pie"",""pick"":null},""b"":{""entry"":""Banana Cream Pie"",""pick"":null},""pick"":""b""},{""a"":{""entry"":""Coconut Cream Pie"",""pick"":null},""b"":{""entry"":""Cherry Pie"",""pick"":null},""pick"":""a""},{""a"":{""entry"":""Pecan Pie"",""pick"":null},""b"":{""entry"":""Key Lime Pie"",""pick"":null},""pick"":""b""}],[{""a"":{""entry"":""Peach Pie"",""pick"":null},""b"":{""entry"":""Apple Pie"",""pick"":null},""pick"":""b""},{""a"":{""entry"":""Shepherd’s"",""pick"":null},""b"":{""entry"":""Blackberry Pie"",""pick"":null},""pick"":""b""},{""a"":{""entry"":""Chicken Pot Pie"",""pick"":null},""b"":{""entry"":""Banana Cream Pie"",""pick"":null},""pick"":""a""},{""a"":{""entry"":""Coconut Cream Pie"",""pick"":null},""b"":{""entry"":""Key Lime Pie"",""pick"":null},""pick"":""b""}],[{""a"":{""entry"":""Apple Pie"",""pick"":null},""b"":{""entry"":""Blackberry Pie"",""pick"":null},""pick"":""b""},{""a"":{""entry"":""Chicken Pot Pie"",""pick"":null},""b"":{""entry"":""Key Lime Pie"",""pick"":null},""pick"":""b""}],[{""a"":{""entry"":""Blackberry Pie"",""pick"":null},""b"":{""entry"":""Key Lime Pie"",""pick"":null},""pick"":""a""}],[{""a"":{""entry"":""Blackberry Pie"",""pick"":null},""pick"":null}]]","[""Blackberry Pie"",""Key Lime Pie"",""Apple Pie"",""Chicken Pot Pie"",""Peach Pie"",""Shepherd’s"",""Banana Cream Pie"",""Coconut Cream Pie"",""Custard Pie"",""Chocolate Cream Pie"",""Rhubarb Pie"",""Mississippi Mud Pie"",""Boston Cream Pie"",""Turkey Pot Pie"",""Cherry Pie"",""Pecan Pie"",""French Silk Pie"",""Sweet Potato Pie"",""Pumpkin Pie"",""Mixed Berry Pie"",""Blueberry Pie"",""Frito Pie"",""Peanut Butter Pie"",""Cheeseburger Pie"",""Beef Pot Pie"",""Buttermilk Pie"",""Lemon Meringue Pie"",""Icebox Pie"",""Pizza Pie"",""Strawberry Rhubarb Pie"",""Cranberry Pie""]","{""Peach Pie"":4,""French Silk Pie"":1,""Sweet Potato Pie"":1,""Custard Pie"":2,""Pumpkin Pie"":1,""Apple Pie"":8,""Mixed Berry Pie"":1,""Chocolate Cream Pie"":2,""Shepherd’s"":4,""Blueberry Pie"":1,""Rhubarb Pie"":2,""Frito Pie"":1,""Mississippi Mud Pie"":2,""Peanut Butter Pie"":1,""Blackberry Pie"":32,""Chicken Pot Pie"":8,""Cheeseburger Pie"":1,""Boston Cream Pie"":2,""Beef Pot Pie"":1,""Turkey Pot Pie"":2,""Buttermilk Pie"":1,""Banana Cream Pie"":4,""Lemon Meringue Pie"":1,""Coconut Cream Pie"":4,""Icebox Pie"":1,""Cherry Pie"":2,""Pizza Pie"":1,""Strawberry Rhubarb Pie"":1,""Pecan Pie"":2,""Cranberry Pie"":1,""Key Lime Pie"":16}",12/1/2025 16:07:08
JCZY4,324b2081-db6f-44c7-be40-ccdf040cc6d5,"[[{""a"":{""entry"":""French Silk Pie"",""win"":null},""b"":{""entry"":""Peach Pie"",""win"":null},""pick"":""a""},{""a"":{""entry"":""Icebox Pie"",""win"":null},""b"":{""entry"":""Beef Pot Pie"",""win"":null},""pick"":""b""},{""a"":{""entry"":""Pumpkin Pie"",""win"":null},""b"":{""entry"":null,""win"":null},""pick"":""a""},{""a"":{""entry"":""Boston Cream Pie"",""win"":null},""b"":{""entry"":""Rhubarb Pie"",""win"":null},""pick"":""b""},{""a"":{""entry"":""Chocolate Cream Pie"",""win"":null},""b"":{""entry"":""Frito Pie"",""win"":null},""pick"":""a""},{""a"":{""entry"":""Cheeseburger Pie"",""win"":null},""b"":{""entry"":""Custard Pie"",""win"":null},""pick"":""b""},{""a"":{""entry"":""Shepherd’s"",""win"":null},""b"":{""entry"":""Blackberry Pie"",""win"":null},""pick"":""a""},{""a"":{""entry"":""Turkey Pot Pie"",""win"":null},""b"":{""entry"":""Pecan Pie"",""win"":null},""pick"":""b""},{""a"":{""entry"":""Key Lime Pie"",""win"":null},""b"":{""entry"":""Cranberry Pie"",""win"":null},""pick"":""a""},{""a"":{""entry"":""Lemon Meringue Pie"",""win"":null},""b"":{""entry"":""Peanut Butter Pie"",""win"":null},""pick"":""a""},{""a"":{""entry"":""Banana Cream Pie"",""win"":null},""b"":{""entry"":""Coconut Cream Pie"",""win"":null},""pick"":""a""},{""a"":{""entry"":""Sweet Potato Pie"",""win"":null},""b"":{""entry"":""Buttermilk Pie"",""win"":null},""pick"":""b""},{""a"":{""entry"":""Blueberry Pie"",""win"":null},""b"":{""entry"":""Chicken Pot Pie"",""win"":null},""pick"":""a""},{""a"":{""entry"":""Strawberry Rhubarb Pie"",""win"":null},""b"":{""entry"":""Cherry Pie"",""win"":null},""pick"":""a""},{""a"":{""entry"":""Mixed Berry Pie"",""win"":null},""b"":{""entry"":""Mississippi Mud Pie"",""win"":null},""pick"":""b""},{""a"":{""entry"":""Pizza Pie"",""win"":null},""b"":{""entry"":""Apple Pie"",""win"":null},""pick"":""b""}],[{""a"":{""entry"":""French Silk Pie"",""pick"":null},""b"":{""entry"":""Beef Pot Pie"",""pick"":null},""pick"":""b""},{""a"":{""entry"":""Pumpkin Pie"",""pick"":null},""b"":{""entry"":""Rhubarb Pie"",""pick"":null},""pick"":""a""},{""a"":{""entry"":""Chocolate Cream Pie"",""pick"":null},""b"":{""entry"":""Custard Pie"",""pick"":null},""pick"":""b""},{""a"":{""entry"":""Shepherd’s"",""pick"":null},""b"":{""entry"":""Pecan Pie"",""pick"":null},""pick"":""a""},{""a"":{""entry"":""Key Lime Pie"",""pick"":null},""b"":{""entry"":""Lemon Meringue Pie"",""pick"":null},""pick"":""a""},{""a"":{""entry"":""Banana Cream Pie"",""pick"":null},""b"":{""entry"":""Buttermilk Pie"",""pick"":null},""pick"":""a""},{""a"":{""entry"":""Blueberry Pie"",""pick"":null},""b"":{""entry"":""Strawberry Rhubarb Pie"",""pick"":null},""pick"":""b""},{""a"":{""entry"":""Mississippi Mud Pie"",""pick"":null},""b"":{""entry"":""Apple Pie"",""pick"":null},""pick"":""b""}],[{""a"":{""entry"":""Beef Pot Pie"",""pick"":null},""b"":{""entry"":""Pumpkin Pie"",""pick"":null},""pick"":""b""},{""a"":{""entry"":""Custard Pie"",""pick"":null},""b"":{""entry"":""Shepherd’s"",""pick"":null},""pick"":""b""},{""a"":{""entry"":""Key Lime Pie"",""pick"":null},""b"":{""entry"":""Banana Cream Pie"",""pick"":null},""pick"":""a""},{""a"":{""entry"":""Strawberry Rhubarb Pie"",""pick"":null},""b"":{""entry"":""Apple Pie"",""pick"":null},""pick"":""a""}],[{""a"":{""entry"":""Pumpkin Pie"",""pick"":null},""b"":{""entry"":""Shepherd’s"",""pick"":null},""pick"":""a""},{""a"":{""entry"":""Key Lime Pie"",""pick"":null},""b"":{""entry"":""Strawberry Rhubarb Pie"",""pick"":null},""pick"":""a""}],[{""a"":{""entry"":""Pumpkin Pie"",""pick"":null},""b"":{""entry"":""Key Lime Pie"",""pick"":null},""pick"":""b""}],[{""a"":{""entry"":""Key Lime Pie"",""pick"":null},""pick"":null}]]","[""Key Lime Pie"",""Pumpkin Pie"",""Shepherd’s"",""Strawberry Rhubarb Pie"",""Beef Pot Pie"",""Custard Pie"",""Banana Cream Pie"",""Apple Pie"",""French Silk Pie"",""Rhubarb Pie"",""Chocolate Cream Pie"",""Pecan Pie"",""Lemon Meringue Pie"",""Buttermilk Pie"",""Blueberry Pie"",""Mississippi Mud Pie"",""Peach Pie"",""Icebox Pie"",""Boston Cream Pie"",""Frito Pie"",""Cheeseburger Pie"",""Blackberry Pie"",""Turkey Pot Pie"",""Cranberry Pie"",""Peanut Butter Pie"",""Coconut Cream Pie"",""Sweet Potato Pie"",""Chicken Pot Pie"",""Cherry Pie"",""Mixed Berry Pie"",""Pizza Pie""]","{""French Silk Pie"":2,""Peach Pie"":1,""Icebox Pie"":1,""Beef Pot Pie"":4,""Pumpkin Pie"":16,""Boston Cream Pie"":1,""Rhubarb Pie"":2,""Chocolate Cream Pie"":2,""Frito Pie"":1,""Cheeseburger Pie"":1,""Custard Pie"":4,""Shepherd’s"":8,""Blackberry Pie"":1,""Turkey Pot Pie"":1,""Pecan Pie"":2,""Key Lime Pie"":32,""Cranberry Pie"":1,""Lemon Meringue Pie"":2,""Peanut Butter Pie"":1,""Banana Cream Pie"":4,""Coconut Cream Pie"":1,""Sweet Potato Pie"":1,""Buttermilk Pie"":2,""Blueberry Pie"":2,""Chicken Pot Pie"":1,""Strawberry Rhubarb Pie"":8,""Cherry Pie"":1,""Mixed Berry Pie"":1,""Mississippi Mud Pie"":2,""Pizza Pie"":1,""Apple Pie"":4}",12/1/2025 16:21:34
JCZY4,cf95deee-3472-451f-b39f-023b55178558,"[[{""a"":{""entry"":null,""win"":null},""b"":{""entry"":""Peach Pie"",""win"":null},""pick"":""b""},{""a"":{""entry"":""Peanut Butter Pie"",""win"":null},""b"":{""entry"":""Turkey Pot Pie"",""win"":null},""pick"":""b""},{""a"":{""entry"":""Cranberry Pie"",""win"":null},""b"":{""entry"":""Mississippi Mud Pie"",""win"":null},""pick"":""b""},{""a"":{""entry"":""Coconut Cream Pie"",""win"":null},""b"":{""entry"":""Mixed Berry Pie"",""win"":null},""pick"":""a""},{""a"":{""entry"":""Banana Cream Pie"",""win"":null},""b"":{""entry"":""Rhubarb Pie"",""win"":null},""pick"":""b""},{""a"":{""entry"":""Sweet Potato Pie"",""win"":null},""b"":{""entry"":""Custard Pie"",""win"":null},""pick"":""b""},{""a"":{""entry"":""Chicken Pot Pie"",""win"":null},""b"":{""entry"":""Key Lime Pie"",""win"":null},""pick"":""b""},{""a"":{""entry"":""Blackberry Pie"",""win"":null},""b"":{""entry"":""Cheeseburger Pie"",""win"":null},""pick"":""a""},{""a"":{""entry"":""Strawberry Rhubarb Pie"",""win"":null},""b"":{""entry"":""Boston Cream Pie"",""win"":null},""pick"":""a""},{""a"":{""entry"":""Lemon Meringue Pie"",""win"":null},""b"":{""entry"":""Buttermilk Pie"",""win"":null},""pick"":""a""},{""a"":{""entry"":""Shepherd’s"",""win"":null},""b"":{""entry"":""Pumpkin Pie"",""win"":null},""pick"":""b""},{""a"":{""entry"":""Cherry Pie"",""win"":null},""b"":{""entry"":""Chocolate Cream Pie"",""win"":null},""pick"":""b""},{""a"":{""entry"":""French Silk Pie"",""win"":null},""b"":{""entry"":""Frito Pie"",""win"":null},""pick"":""b""},{""a"":{""entry"":""Pizza Pie"",""win"":null},""b"":{""entry"":""Pecan Pie"",""win"":null},""pick"":""a""},{""a"":{""entry"":""Icebox Pie"",""win"":null},""b"":{""entry"":""Beef Pot Pie"",""win"":null},""pick"":""a""},{""a"":{""entry"":""Blueberry Pie"",""win"":null},""b"":{""entry"":""Apple Pie"",""win"":null},""pick"":""b""}],[{""a"":{""entry"":""Peach Pie"",""pick"":null},""b"":{""entry"":""Turkey Pot Pie"",""pick"":null},""pick"":""a""},{""a"":{""entry"":""Mississippi Mud Pie"",""pick"":null},""b"":{""entry"":""Coconut Cream Pie"",""pick"":null},""pick"":""b""},{""a"":{""entry"":""Rhubarb Pie"",""pick"":null},""b"":{""entry"":""Custard Pie"",""pick"":null},""pick"":""a""},{""a"":{""entry"":""Key Lime Pie"",""pick"":null},""b"":{""entry"":""Blackberry Pie"",""pick"":null},""pick"":""a""},{""a"":{""entry"":""Strawberry Rhubarb Pie"",""pick"":null},""b"":{""entry"":""Lemon Meringue Pie"",""pick"":null},""pick"":""b""},{""a"":{""entry"":""Pumpkin Pie"",""pick"":null},""b"":{""entry"":""Chocolate Cream Pie"",""pick"":null},""pick"":""a""},{""a"":{""entry"":""Frito Pie"",""pick"":null},""b"":{""entry"":""Pizza Pie"",""pick"":null},""pick"":""b""},{""a"":{""entry"":""Icebox Pie"",""pick"":null},""b"":{""entry"":""Apple Pie"",""pick"":null},""pick"":""b""}],[{""a"":{""entry"":""Peach Pie"",""pick"":null},""b"":{""entry"":""Coconut Cream Pie"",""pick"":null},""pick"":""a""},{""a"":{""entry"":""Rhubarb Pie"",""pick"":null},""b"":{""entry"":""Key Lime Pie"",""pick"":null},""pick"":""b""},{""a"":{""entry"":""Lemon Meringue Pie"",""pick"":null},""b"":{""entry"":""Pumpkin Pie"",""pick"":null},""pick"":""b""},{""a"":{""entry"":""Pizza Pie"",""pick"":null},""b"":{""entry"":""Apple Pie"",""pick"":null},""pick"":""b""}],[{""a"":{""entry"":""Peach Pie"",""pick"":null},""b"":{""entry"":""Key Lime Pie"",""pick"":null},""pick"":""b""},{""a"":{""entry"":""Pumpkin Pie"",""pick"":null},""b"":{""entry"":""Apple Pie"",""pick"":null},""pick"":""a""}],[{""a"":{""entry"":""Key Lime Pie"",""pick"":null},""b"":{""entry"":""Pumpkin Pie"",""pick"":null},""pick"":""a""}],[{""a"":{""entry"":""Key Lime Pie"",""pick"":null},""pick"":null}]]","[""Key Lime Pie"",""Pumpkin Pie"",""Peach Pie"",""Apple Pie"",""Coconut Cream Pie"",""Rhubarb Pie"",""Lemon Meringue Pie"",""Pizza Pie"",""Turkey Pot Pie"",""Mississippi Mud Pie"",""Custard Pie"",""Blackberry Pie"",""Strawberry Rhubarb Pie"",""Chocolate Cream Pie"",""Frito Pie"",""Icebox Pie"",""Peanut Butter Pie"",""Cranberry Pie"",""Mixed Berry Pie"",""Banana Cream Pie"",""Sweet Potato Pie"",""Chicken Pot Pie"",""Cheeseburger Pie"",""Boston Cream Pie"",""Buttermilk Pie"",""Shepherd’s"",""Cherry Pie"",""French Silk Pie"",""Pecan Pie"",""Beef Pot Pie"",""Blueberry Pie""]","{""Peach Pie"":8,""Peanut Butter Pie"":1,""Turkey Pot Pie"":2,""Cranberry Pie"":1,""Mississippi Mud Pie"":2,""Coconut Cream Pie"":4,""Mixed Berry Pie"":1,""Banana Cream Pie"":1,""Rhubarb Pie"":4,""Sweet Potato Pie"":1,""Custard Pie"":2,""Chicken Pot Pie"":1,""Key Lime Pie"":32,""Blackberry Pie"":2,""Cheeseburger Pie"":1,""Strawberry Rhubarb Pie"":2,""Boston Cream Pie"":1,""Lemon Meringue Pie"":4,""Buttermilk Pie"":1,""Shepherd’s"":1,""Pumpkin Pie"":16,""Cherry Pie"":1,""Chocolate Cream Pie"":2,""French Silk Pie"":1,""Frito Pie"":2,""Pizza Pie"":4,""Pecan Pie"":1,""Icebox Pie"":2,""Beef Pot Pie"":1,""Blueberry Pie"":1,""Apple Pie"":8}",12/1/2025 16:23:04